fecha_hora,pm25_real,pm25_predicho_rf,pm25_predicho_xgb,pm25_nowcast
2025-08-09 07:00:00,9.0,8.31516963371674,9.831679,8.64
2025-08-09 08:00:00,12.0,13.902859167565842,15.072496,10.6
2025-08-09 09:00:00,10.0,13.15234829881325,13.975908,10.52
2025-08-09 10:00:00,13.0,12.026707870642477,11.1225605,12.05
2025-08-09 11:00:00,16.0,12.105581687440042,11.957713,14.45
2025-08-09 12:00:00,15.0,14.98626589786405,13.969552,14.93
2025-08-09 13:00:00,12.0,15.095196165811812,13.551976,13.9
2025-08-09 14:00:00,16.0,13.205957564873026,13.046911,15.0
2025-08-09 15:00:00,5.0,14.364970917981694,14.309888,10.36
2025-08-09 16:00:00,10.0,8.206826619486101,7.5111794,10.47
2025-08-09 17:00:00,14.0,11.62749773827791,11.45757,12.46
2025-08-09 18:00:00,16.0,14.380128524149471,14.097836,14.58
2025-08-09 19:00:00,13.0,16.419496544714235,16.456633,14.21
2025-08-09 20:00:00,8.0,14.924970597238485,15.042111,11.19
2025-08-09 21:00:00,14.0,10.735846549320822,10.663921,12.73
2025-08-09 22:00:00,10.0,14.405527723257753,14.945207,11.36
2025-08-09 23:00:00,10.0,11.88123323428759,11.834135,10.9
2025-08-10 00:00:00,12.0,10.705981961523573,10.412189,11.87
2025-08-10 01:00:00,11.0,12.160296727009888,11.994181,11.86
2025-08-10 02:00:00,10.0,12.600604468554826,12.637784,11.21
2025-08-10 03:00:00,8.0,10.398733133945527,9.307478,9.75
2025-08-10 04:00:00,10.0,9.57495992222953,8.475962,9.88
2025-08-10 05:00:00,10.0,11.027565994240197,10.339141,10.08
2025-08-10 06:00:00,11.0,12.03530207771077,12.687913,10.68
2025-08-10 07:00:00,8.0,13.368761234331036,15.38079,9.78
2025-08-10 08:00:00,12.0,11.330402398114282,12.794825,11.02
2025-08-10 09:00:00,15.0,12.872839731331696,13.720097,13.28
2025-08-10 10:00:00,7.0,12.216864100570302,12.139036,10.65
2025-08-10 11:00:00,6.0,7.604586328436209,7.7240415,8.46
2025-08-10 12:00:00,2.0,6.336618160633057,6.4074864,5.52
2025-08-10 13:00:00,6.0,4.399764288083364,4.0093756,5.76
2025-08-10 14:00:00,6.0,6.529030309568204,6.4832673,5.88
2025-08-10 15:00:00,5.0,7.821745851846298,6.1042323,5.79
2025-08-10 16:00:00,4.0,6.295135210230632,6.1204276,5.04
2025-08-10 17:00:00,5.0,5.83409310430686,5.59531,5.3
2025-08-10 18:00:00,3.0,6.402013542383956,6.0537224,4.22
2025-08-10 19:00:00,4.0,5.189905982471235,4.7633176,4.18
2025-08-10 20:00:00,6.0,5.233350094024458,6.3692594,5.1
2025-08-10 21:00:00,11.0,6.29716648438695,7.056855,8.26
2025-08-10 22:00:00,8.0,10.438734709391625,11.355013,8.13
2025-08-10 23:00:00,7.0,9.072271921079281,8.969863,7.99
2025-08-11 00:00:00,6.0,8.393956649038516,7.896927,7.42
2025-08-11 01:00:00,6.0,7.10572809328715,6.1240883,6.71
2025-08-11 02:00:00,6.0,6.759787558674002,6.762103,6.5
2025-08-11 03:00:00,7.0,6.899870725566793,6.001965,7.03
2025-08-11 04:00:00,5.0,7.683068827169848,7.9806523,6.09
2025-08-11 05:00:00,5.0,6.161111176910219,6.080835,5.9
2025-08-11 06:00:00,4.0,6.7720727135723555,7.1040864,5.24
2025-08-11 07:00:00,10.0,5.709537833390883,6.8233113,7.86
2025-08-11 08:00:00,23.0,10.71911028251723,13.5501795,15.85
2025-08-11 10:00:00,12.0,16.558905990880046,16.044323,10.21
2025-08-11 11:00:00,25.0,11.093341781175154,10.448678,
2025-08-11 12:00:00,4.0,17.910086198933072,17.869444,32.62
2025-08-11 13:00:00,2.0,7.242996225432369,4.5366573,17.67
2025-08-11 14:00:00,1.0,6.436552333787204,6.1307955,9.63
2025-08-11 15:00:00,4.0,5.076893831427964,4.877595,6.89
2025-08-11 16:00:00,4.0,7.2396602520549385,6.6925874,5.8
2025-08-11 17:00:00,4.0,7.319503210811697,7.2450666,5.2
2025-08-11 18:00:00,13.0,4.930747229606935,5.5188804,9.31
2025-08-11 19:00:00,10.0,11.096724048388246,11.425922,9.66
2025-08-11 20:00:00,10.0,11.047161202868523,16.326477,9.97
2025-08-11 21:00:00,11.0,11.43089431686768,11.727977,10.65
2025-08-11 22:00:00,8.0,12.373098935907157,11.640565,9.33
2025-08-11 23:00:00,8.0,9.506524725962175,8.945272,8.66
2025-08-12 00:00:00,8.0,9.180972475747708,8.604664,8.33
2025-08-12 01:00:00,8.0,9.089409297530844,8.573974,8.17
2025-08-12 02:00:00,7.0,8.672352980970137,9.020938,7.94
2025-08-12 03:00:00,6.0,7.920182637151062,7.1050696,7.26
2025-08-12 04:00:00,9.0,7.32727331769216,6.6767106,8.34
2025-08-12 05:00:00,7.0,9.690039684746834,9.36637,7.68
2025-08-12 06:00:00,12.0,9.28957695979388,9.333668,10.11
2025-08-12 07:00:00,12.0,13.42439150498589,16.861616,11.49
2025-08-12 08:00:00,23.0,14.566223860666994,17.06952,17.34
2025-08-12 09:00:00,16.0,22.094822518204314,22.08833,16.94
2025-08-12 10:00:00,23.0,14.540881802575717,14.518198,18.25
2025-08-12 11:00:00,17.0,18.924412281356968,18.649567,17.71
2025-08-12 12:00:00,5.0,12.969265245725703,12.450361,8.6
2025-08-12 13:00:00,4.0,7.637502432000837,6.163782,6.44
2025-08-12 14:00:00,5.0,7.0980265096569966,6.5802207,6.15
2025-08-12 15:00:00,5.0,7.3094689156654145,7.154586,5.72
2025-08-12 16:00:00,7.0,8.368822516719243,7.3962784,6.36
2025-08-12 17:00:00,7.0,8.73016585538715,8.352273,6.83
2025-08-12 18:00:00,8.0,8.334751163219494,8.0116625,7.77
2025-08-12 19:00:00,7.0,9.622798701855702,9.418994,7.53
2025-08-12 20:00:00,9.0,9.044860787836335,9.23899,8.55
2025-08-12 21:00:00,13.0,10.962229754421056,11.273651,10.92
2025-08-12 22:00:00,15.0,13.448928084140217,13.602393,13.4
2025-08-12 23:00:00,20.0,14.662248938915727,15.799222,16.91
2025-08-13 00:00:00,16.0,16.773422826467506,18.593689,16.74
2025-08-13 01:00:00,14.0,15.406468155414736,15.761198,15.52
2025-08-13 02:00:00,15.0,14.014545847585731,15.243204,15.47
2025-08-13 03:00:00,12.0,14.223177938254775,14.198595,14.1
2025-08-13 04:00:00,17.0,13.571492186624974,12.395114,15.55
2025-08-13 05:00:00,19.0,15.53516571262702,16.493225,17.29
2025-08-13 06:00:00,31.0,18.635821871590164,18.801672,24.44
2025-08-13 07:00:00,35.0,28.72182245245441,30.872997,30.16
2025-08-13 08:00:00,40.0,35.40078826610122,37.500034,35.29
2025-08-13 09:00:00,34.0,37.44658104398644,36.833893,34.84
2025-08-13 10:00:00,17.0,32.37881759769538,31.465559,26.27
2025-08-13 11:00:00,11.0,18.63045813995442,16.222101,18.71
2025-08-13 12:00:00,17.0,14.44086494954361,13.20459,18.06
2025-08-13 13:00:00,13.0,15.786258151890816,16.922773,15.89
2025-08-13 14:00:00,11.0,13.284728250049566,13.093171,13.73
2025-08-13 15:00:00,8.0,11.945417462387073,11.888723,11.29
2025-08-13 16:00:00,8.0,9.55971319215322,9.191125,9.86
2025-08-13 17:00:00,10.0,9.781285558566289,9.468356,10.07
2025-08-13 18:00:00,6.0,11.740879294419097,11.458571,8.39
2025-08-13 19:00:00,10.0,7.71363123625533,7.662653,9.62
2025-08-13 20:00:00,9.0,11.923670680323164,12.492787,9.66
2025-08-13 21:00:00,9.0,11.64620368017151,11.496456,9.41
2025-08-13 22:00:00,17.0,11.197572956874254,11.305213,13.21
2025-08-13 23:00:00,22.0,17.033813790156007,19.134356,17.96
2025-08-14 00:00:00,21.0,18.73822046866179,20.33964,19.63
2025-08-14 01:00:00,24.0,20.0001449662849,20.824562,21.9
2025-08-14 02:00:00,29.0,21.394150305408928,22.781456,25.51
2025-08-14 03:00:00,19.0,25.660650868062344,22.87964,22.34
2025-08-14 04:00:00,23.0,20.055274450373652,17.49219,23.0
2025-08-14 05:00:00,10.0,23.59923807639838,22.79156,16.57
2025-08-14 06:00:00,11.0,15.882235762219713,15.470435,14.22
2025-08-14 07:00:00,16.0,16.391850744278493,18.446524,15.39
2025-08-14 08:00:00,14.0,20.381251374202034,26.510931,14.92
2025-08-14 09:00:00,17.0,15.544152803050265,16.294819,16.25
2025-08-14 10:00:00,19.0,15.741895195384448,15.632618,18.04
2025-08-14 11:00:00,12.0,14.394989558377947,14.052803,15.23
2025-08-14 12:00:00,8.0,11.655794131922109,11.668559,11.9
2025-08-14 13:00:00,8.0,8.419572862079338,8.053999,10.33
2025-08-14 14:00:00,22.0,8.485226155605234,8.156472,16.21
2025-08-14 15:00:00,5.0,14.234321184358407,16.145447,10.75
2025-08-14 16:00:00,7.0,8.313590323227627,7.118605,9.02
2025-08-14 17:00:00,9.0,8.84743789156426,8.716453,9.08
2025-08-14 18:00:00,10.0,9.625914307816018,9.662567,9.98
2025-08-14 19:00:00,16.0,11.100162423007921,11.361542,13.28
2025-08-14 20:00:00,19.0,14.495262947540429,16.01737,18.21
2025-08-14 21:00:00,19.0,17.029334908953683,15.970438,18.75
2025-08-14 22:00:00,20.0,17.22046807253948,17.70326,19.8
2025-08-14 23:00:00,19.0,19.291177655964347,18.907099,19.68
2025-08-15 00:00:00,16.0,17.013042293941943,16.006596,18.12
2025-08-15 01:00:00,16.0,16.527663950865286,15.164407,17.09
2025-08-15 02:00:00,24.0,18.072476302610735,17.496727,20.88
2025-08-15 03:00:00,5.0,20.733204591765084,17.285923,12.94
2025-08-15 04:00:00,5.0,11.386946246980045,7.3332663,9.26
2025-08-15 05:00:00,9.0,8.766547273244615,7.444732,9.49
2025-08-15 06:00:00,14.0,11.237159123812424,11.505206,12.18
2025-08-15 07:00:00,20.0,14.794791813118563,16.145704,16.53
2025-08-15 08:00:00,25.0,20.903283107969866,23.234802,20.9
2025-08-15 09:00:00,20.0,21.21509938435884,21.306988,20.73
2025-08-15 10:00:00,16.0,16.840618842354377,18.146713,18.71
2025-08-15 11:00:00,9.0,12.99303195202439,12.142731,13.85
2025-08-15 12:00:00,8.0,9.116690182182477,8.466615,11.21
2025-08-15 13:00:00,6.0,8.027363883547501,8.318553,8.6
2025-08-15 14:00:00,6.0,7.696407791786777,6.322229,7.37
2025-08-15 15:00:00,7.0,6.456989435460975,6.322782,7.19
2025-08-15 16:00:00,7.0,8.253447565078481,8.039872,7.17
2025-08-15 17:00:00,8.0,8.515736424626084,9.017816,7.66
2025-08-15 18:00:00,9.0,9.615599543353092,9.624465,8.33
2025-08-15 19:00:00,9.0,10.6130000489452,10.74514,8.74
2025-08-15 20:00:00,9.0,11.1174810985524,10.985956,9.29
2025-08-15 21:00:00,8.0,10.928433555375083,10.800967,9.07
2025-08-15 22:00:00,8.0,10.367652782250763,9.453614,8.59
2025-08-15 23:00:00,8.0,10.778635477653372,9.750684,8.36
2025-08-16 00:00:00,9.0,9.157923809367723,8.309719,8.84
2025-08-16 01:00:00,18.0,9.797424071775133,8.974491,13.6
2025-08-16 02:00:00,14.0,16.665845480341464,17.18999,14.03
2025-08-16 03:00:00,16.0,13.697318037260962,12.795,15.14
2025-08-16 04:00:00,11.0,13.630897671961426,13.6995,13.42
2025-08-16 05:00:00,10.0,12.315609508698609,12.228851,11.86
2025-08-16 06:00:00,12.0,12.761923481442686,12.904441,11.93
2025-08-16 07:00:00,13.0,14.643110593559152,16.711397,12.77
2025-08-16 08:00:00,23.0,17.33481535296876,17.302223,17.96
2025-08-16 09:00:00,23.0,21.49974579432568,24.357952,20.91
2025-08-16 10:00:00,23.0,21.458192048774293,22.099367,22.26
2025-08-16 11:00:00,27.0,17.970894417246008,18.68455,24.63
2025-08-16 12:00:00,27.0,23.287877748035108,22.124361,25.97
2025-08-16 13:00:00,26.0,22.983991512973404,22.198963,26.17
2025-08-16 14:00:00,13.0,22.95077775217293,23.334763,19.82
2025-08-16 15:00:00,25.0,15.925393100881756,13.86522,22.89
2025-08-16 16:00:00,13.0,23.122641127495648,23.754553,18.16
2025-08-16 17:00:00,9.0,14.091654173778537,14.146739,13.93
2025-08-16 18:00:00,8.0,12.009418491732688,10.891424,10.97
2025-08-16 19:00:00,8.0,9.535244775718885,10.776385,9.77
2025-08-16 20:00:00,11.0,10.816810303397935,11.043087,10.52
2025-08-16 21:00:00,8.0,12.892053270966839,13.143507,9.56
2025-08-16 22:00:00,18.0,10.438356881545966,10.069276,14.14
2025-08-16 23:00:00,23.0,16.83849502075174,17.652052,18.57
2025-08-17 00:00:00,23.0,18.382936057855034,18.195248,20.93
2025-08-17 01:00:00,23.0,20.068585712433606,21.051733,22.08
2025-08-17 02:00:00,13.0,20.175352500619177,22.569445,17.76
2025-08-17 03:00:00,14.0,14.513819122833432,12.870522,16.37
2025-08-17 04:00:00,9.0,14.746996098600906,13.442756,13.05
2025-08-17 05:00:00,13.0,11.416345723345435,10.112575,13.23
2025-08-17 06:00:00,10.0,15.108690962063733,16.13531,11.91
2025-08-17 07:00:00,15.0,12.630575793750058,14.664614,13.68
2025-08-17 08:00:00,22.0,17.911882288442225,18.973507,18.26
2025-08-17 09:00:00,19.0,21.94574286025566,24.007853,18.73
2025-08-17 10:00:00,33.0,17.357885437668504,16.906075,26.18
2025-08-17 11:00:00,9.0,26.341038923579347,28.334644,18.03
2025-08-17 12:00:00,21.0,11.561183624822146,9.390853,19.73
2025-08-17 13:00:00,23.0,18.263795729422842,20.418535,21.65
2025-08-17 14:00:00,20.0,19.052627370190297,21.17164,21.25
2025-08-17 15:00:00,19.0,19.204241394616087,19.175829,20.41
2025-08-17 16:00:00,16.0,19.224450750565516,18.931969,18.34
2025-08-17 17:00:00,11.0,15.104570920353176,14.929708,14.8
2025-08-17 18:00:00,6.0,13.023247330300556,13.063832,10.68
2025-08-17 19:00:00,4.0,8.007661358681382,7.5966573,7.49
2025-08-17 20:00:00,5.0,7.139725316465925,7.879647,6.67
2025-08-17 21:00:00,6.0,7.502634152034045,8.265676,6.56
2025-08-17 22:00:00,15.0,8.360451283602112,8.022869,10.78
2025-08-17 23:00:00,15.0,13.306972116651018,13.674455,12.89
2025-08-18 00:00:00,14.0,13.793695644690821,13.334433,13.87
2025-08-18 01:00:00,14.0,14.664278720856815,14.51221,14.24
2025-08-18 02:00:00,16.0,13.844271692738092,14.426403,15.51
2025-08-18 03:00:00,10.0,14.989230948605831,13.071978,13.06
2025-08-18 04:00:00,14.0,11.100452100178583,10.244641,13.53
2025-08-18 05:00:00,13.0,14.519179496029043,13.6432705,13.4
2025-08-18 06:00:00,9.0,15.11105267107161,14.656431,11.58
2025-08-18 07:00:00,13.0,11.91376050747392,14.012509,12.72
2025-08-18 08:00:00,13.0,15.476672964526065,16.886496,13.23
2025-08-18 09:00:00,18.0,14.905065993554041,14.134211,15.4
2025-08-18 10:00:00,17.0,17.224782248066266,15.858757,16.52
2025-08-18 11:00:00,14.0,14.362353400622021,12.89019,15.57
2025-08-18 12:00:00,11.0,12.534210286046415,11.736868,7.87
2025-08-18 13:00:00,8.0,10.724233362207913,10.963987,4.36
2025-08-18 14:00:00,5.0,8.698900167871196,8.079487,2.33
2025-08-18 15:00:00,2.0,7.020395576461868,6.4282107,2.24
2025-08-18 16:00:00,2.0,5.839748698855018,4.5270967,2.54
2025-08-18 17:00:00,2.0,5.177149585925631,7.364853,2.42
2025-08-18 18:00:00,4.0,5.6683845950526965,4.536326,3.43
2025-08-18 19:00:00,7.0,5.805902508692632,6.1886473,5.59
2025-08-18 20:00:00,12.0,7.277620516365448,8.158502,9.02
2025-08-18 21:00:00,14.0,11.010154158983164,11.616407,11.71
2025-08-18 22:00:00,10.0,14.274969229518604,14.351971,11.13
2025-08-18 23:00:00,7.0,12.177697335797184,11.670913,9.41
2025-08-19 00:00:00,6.0,9.05371950291163,7.759207,7.85
2025-08-19 01:00:00,7.0,7.463847626666914,6.568179,7.71
2025-08-19 02:00:00,5.0,8.639351251462276,7.9414034,6.73
2025-08-19 03:00:00,10.0,6.097629405200639,6.022507,8.59
2025-08-19 04:00:00,13.0,10.733055932343682,9.541501,10.8
2025-08-19 05:00:00,13.0,13.582148208421613,11.910926,12.05
2025-08-19 06:00:00,16.0,14.75996086861072,15.098674,14.13
2025-08-19 07:00:00,21.0,17.110314704000114,18.279137,17.96
2025-08-19 08:00:00,15.0,20.05318800835309,23.564463,16.63
2025-08-19 09:00:00,18.0,16.507467855890017,17.924164,14.96
2025-08-19 10:00:00,20.0,16.327073367434952,18.820831,17.92
2025-08-19 11:00:00,12.0,17.967197277801016,19.995687,15.42
2025-08-19 12:00:00,12.0,12.289094159759186,12.73168,13.71
2025-08-19 13:00:00,13.0,11.964069236919777,12.30028,13.54
2025-08-19 14:00:00,20.0,11.110775837758826,10.859449,16.9
2025-08-19 15:00:00,15.0,16.97464864104992,16.688028,15.96
2025-08-19 16:00:00,9.0,13.791289053053601,12.091891,12.92
2025-08-19 17:00:00,9.0,10.047693886761152,9.3966465,11.11
2025-08-19 18:00:00,10.0,9.89423504877976,10.196479,10.83
2025-08-19 19:00:00,8.0,11.465297169020458,10.78985,9.49
2025-08-19 20:00:00,10.0,10.242588060359903,10.682912,10.05
2025-08-19 21:00:00,20.0,12.065264759678303,12.368718,15.25
2025-08-19 22:00:00,23.0,18.609378936649613,18.798967,19.12
2025-08-19 23:00:00,23.0,21.160074368558238,21.69998,21.06
2025-08-20 00:00:00,22.0,19.396847649052578,20.03355,21.59
2025-08-20 01:00:00,16.0,19.37721144721955,21.549707,19.0
2025-08-20 02:00:00,14.0,16.82449849632728,16.442884,16.59
2025-08-20 03:00:00,21.0,15.421529540506393,14.052107,18.94
2025-08-20 04:00:00,20.0,18.97120769131916,18.592875,19.88
2025-08-20 05:00:00,9.0,19.909250969331552,19.384272,14.84
2025-08-20 06:00:00,20.0,13.775564666242737,13.520755,17.64
2025-08-20 07:00:00,24.0,20.799735552862476,22.482847,21.0
2025-08-20 08:00:00,30.0,23.536532657602137,26.702785,25.55
2025-08-20 09:00:00,18.0,26.556983055346326,29.30885,21.91
2025-08-20 10:00:00,13.0,17.224303558739102,17.043661,17.8
2025-08-20 11:00:00,11.0,12.008666169699783,12.2220335,14.45
2025-08-20 12:00:00,5.0,10.049328129234368,9.110173,9.77
2025-08-20 13:00:00,1.0,6.826788591626447,6.0445075,5.48
2025-08-20 14:00:00,5.0,6.3312495655287435,4.2765703,5.32
2025-08-20 15:00:00,6.0,6.773500553092624,6.841698,5.81
2025-08-20 16:00:00,9.0,8.625264812222849,7.3954544,7.73
2025-08-20 17:00:00,17.0,8.80697094617475,10.32197,12.39
2025-08-20 18:00:00,6.0,12.219931569592871,13.061434,9.64
2025-08-20 19:00:00,12.0,9.221196902537248,6.8401484,10.82
2025-08-20 20:00:00,13.0,12.313469970043315,13.080707,12.01
2025-08-20 21:00:00,18.0,14.36886541572268,14.314955,15.17
2025-08-20 22:00:00,9.0,17.893147552335865,18.341051,12.09
2025-08-20 23:00:00,9.0,12.561001327915879,11.723356,10.54
2025-08-21 00:00:00,8.0,9.568225912582609,10.371459,9.63
2025-08-21 01:00:00,6.0,9.14714462842732,9.407696,8.24
2025-08-21 02:00:00,6.0,6.7597940152545615,7.3381634,7.35
2025-08-21 03:00:00,8.0,7.330264390913625,6.5949297,8.02
2025-08-21 04:00:00,7.0,9.578709661357589,8.907876,7.66
2025-08-21 05:00:00,10.0,8.42814904553184,7.9403048,9.08
2025-08-21 06:00:00,18.0,12.7031993064984,12.637911,13.89
2025-08-21 07:00:00,18.0,18.080565612134997,21.025272,16.13
2025-08-21 08:00:00,24.0,20.97186130174587,20.540594,20.19
2025-08-21 09:00:00,13.0,20.83974341934218,20.640957,16.87
2025-08-21 10:00:00,10.0,12.016528443408388,11.924805,13.79
2025-08-21 11:00:00,8.0,9.546003990665099,8.917624,11.02
2025-08-21 12:00:00,3.0,7.831037621937367,6.886844,7.36
2025-08-21 13:00:00,2.0,5.3700059877921325,4.7676597,4.83
2025-08-21 14:00:00,5.0,5.6506234831419535,4.4072766,5.02
2025-08-21 15:00:00,12.0,6.949911798129183,6.747886,8.89
2025-08-21 16:00:00,15.0,10.994636317534333,11.913191,12.27
2025-08-21 17:00:00,8.0,12.977224334799335,14.010495,10.59
2025-08-21 18:00:00,15.0,10.242525568757998,10.051798,13.05
2025-08-21 19:00:00,21.0,13.364236617888036,13.436746,17.47
2025-08-21 20:00:00,10.0,19.060594025617323,20.41879,13.81
2025-08-21 21:00:00,11.0,13.49930053931173,13.518318,12.78
2025-08-21 22:00:00,15.0,13.432296434312756,12.378091,14.09
2025-08-21 23:00:00,12.0,14.63473553637443,14.67816,13.12
2025-08-22 00:00:00,14.0,12.44323142181593,11.40118,13.65
2025-08-22 01:00:00,19.0,13.679908805236813,14.602674,16.64
2025-08-22 02:00:00,11.0,14.965192619401913,16.852228,14.25
2025-08-22 03:00:00,10.0,11.36709273452244,10.668812,12.55
2025-08-22 04:00:00,12.0,11.07983354763303,10.495174,12.33
2025-08-22 05:00:00,24.0,11.94792737526327,11.638734,18.17
2025-08-22 06:00:00,24.0,21.5727977236069,23.352388,21.31
2025-08-22 07:00:00,27.0,23.86103514220385,27.027386,24.16
2025-08-22 08:00:00,30.0,29.15916819471273,32.475163,27.16
2025-08-22 09:00:00,44.0,27.35093650267432,27.236406,35.93
2025-08-22 10:00:00,25.0,32.043213110894776,35.865143,30.66
2025-08-22 11:00:00,20.0,22.241042527920236,19.66598,25.35
2025-08-22 12:00:00,9.0,16.197292201705096,15.620726,17.33
2025-08-22 13:00:00,10.0,10.746024979908132,8.415719,14.01
2025-08-22 14:00:00,9.0,10.564208049335297,10.092066,11.58
2025-08-22 15:00:00,11.0,11.352973107092971,10.507876,11.54
2025-08-22 16:00:00,20.0,12.553367473384748,12.388554,16.15
2025-08-22 17:00:00,23.0,14.892232055674748,16.892424,19.82
2025-08-22 18:00:00,15.0,19.14591528429009,20.625137,17.41
2025-08-22 19:00:00,15.0,15.91700008353525,14.849037,16.5
2025-08-22 20:00:00,19.0,14.64703146433036,15.257736,17.9
2025-08-22 21:00:00,20.0,17.275450421695457,18.207266,19.3
2025-08-22 22:00:00,20.0,19.77380000990781,19.430593,19.75
2025-08-22 23:00:00,26.0,20.601926648250245,18.59649,23.23
2025-08-23 00:00:00,24.0,22.750956897609296,20.441425,23.82
2025-08-23 01:00:00,20.0,21.91475506604048,19.640488,22.19
2025-08-23 02:00:00,19.0,20.26971368443688,21.073082,20.62
2025-08-23 03:00:00,22.0,19.07251927690946,17.841105,21.63
2025-08-23 04:00:00,9.0,20.92452319883969,18.61982,15.55
2025-08-23 05:00:00,12.0,13.345236554560328,11.382401,14.07
2025-08-23 06:00:00,16.0,15.666038111372012,15.396241,15.11
2025-08-23 07:00:00,17.0,17.754351303014953,19.984732,16.28
2025-08-23 08:00:00,21.0,20.174397769279313,21.538534,18.74
2025-08-23 09:00:00,27.0,22.039624668963274,22.274607,23.07
2025-08-23 10:00:00,21.0,22.27724725855188,22.428007,22.48
2025-08-23 11:00:00,10.0,17.566398435953854,18.974413,16.46
2025-08-23 12:00:00,12.0,9.6998935028464,8.376851,14.58
2025-08-23 13:00:00,10.0,11.121391551428543,11.230335,12.5
2025-08-23 14:00:00,6.0,9.85630373144276,9.09865,9.6
2025-08-23 15:00:00,5.0,7.300266564177421,6.44326,7.6
2025-08-23 16:00:00,8.0,7.422655165336547,8.233521,8.0
2025-08-23 17:00:00,5.0,9.354874590633552,9.317597,6.57
2025-08-23 18:00:00,6.0,7.121320366717864,7.2817316,6.59
2025-08-23 19:00:00,10.0,7.894975344392247,7.8315244,8.52
2025-08-23 20:00:00,13.0,11.897059917609514,12.069005,10.83
2025-08-23 21:00:00,14.0,13.701396367387172,14.139499,12.57
2025-08-23 22:00:00,16.0,14.896038111584385,14.922021,14.43
2025-08-23 23:00:00,17.0,16.64421816376111,15.469391,15.99
2025-08-24 00:00:00,15.0,17.7539117601023,16.163221,15.79
2025-08-24 01:00:00,18.0,15.59069246315525,14.687199,17.09
2025-08-24 02:00:00,14.0,17.498892294549474,18.636038,15.75
2025-08-24 03:00:00,11.0,15.934443157450588,13.833933,13.6
2025-08-24 04:00:00,14.0,12.108693504095852,12.485425,14.03
2025-08-24 05:00:00,17.0,15.814991783747626,13.793965,15.51
2025-08-24 06:00:00,17.0,17.35238141791968,16.434774,16.35
2025-08-24 07:00:00,21.0,20.160728991108893,20.755308,18.79
2025-08-24 08:00:00,22.0,22.9048468238224,25.944258,20.99
2025-08-24 09:00:00,15.0,22.8359319434498,24.119064,18.47
2025-08-24 10:00:00,9.0,14.875721049467975,14.227417,14.01
2025-08-24 11:00:00,6.0,10.671419088610401,9.579734,10.43
2025-08-24 12:00:00,5.0,7.376553091150832,6.4389095,8.14
2025-08-24 13:00:00,4.0,6.216441398094766,6.116003,6.27
2025-08-24 14:00:00,1.0,5.828863111875655,5.8884544,3.64
2025-08-24 15:00:00,1.0,4.575255775872193,4.3506103,2.32
2025-08-24 16:00:00,5.0,4.471124890548943,4.0806656,1.43
2025-08-24 17:00:00,9.0,5.705847534159476,6.1836934,12.48
2025-08-24 18:00:00,3.0,7.8012038604014835,8.23524,
2025-08-24 19:00:00,6.0,5.703612836980745,4.4466124,4.28
2025-08-24 20:00:00,7.0,6.915938107472858,8.031794,5.64
2025-08-24 21:00:00,7.0,8.459406118651792,9.31102,6.69
2025-08-24 22:00:00,12.0,8.957224703751251,8.726529,9.35
2025-08-24 23:00:00,11.0,12.301373234144725,13.085117,10.31
2025-08-25 00:00:00,6.0,12.342777433878439,11.48558,8.44
2025-08-25 01:00:00,7.0,8.448889814352848,6.490467,7.88
2025-08-25 02:00:00,20.0,8.621814246841637,8.305724,14.38
2025-08-25 03:00:00,1.0,15.794653365983393,14.530922,1.79
2025-08-25 04:00:00,2.0,7.865046741315817,4.9072723,
2025-08-25 05:00:00,7.0,6.769278291265605,5.1984186,7.94
2025-08-25 06:00:00,9.0,9.907117128532047,9.749935,8.92
2025-08-25 07:00:00,16.0,11.781433221022848,12.000751,12.69
2025-08-25 08:00:00,29.0,17.602531053490246,18.82307,21.12
2025-08-25 09:00:00,49.0,20.772051580923126,21.86841,35.5
2025-08-25 10:00:00,18.0,29.351460526843592,25.658268,27.01
2025-08-25 11:00:00,3.0,16.111991524351875,13.312674,15.28
2025-08-25 12:00:00,1.0,10.976511876251099,12.1699,8.51
2025-08-25 13:00:00,6.0,6.723207055012771,4.0754333,7.69
2025-08-25 14:00:00,11.0,6.734337306080449,6.2251654,9.77
2025-08-25 15:00:00,11.0,10.308194590729324,12.082267,10.38
2025-08-25 16:00:00,10.0,10.754878444193945,11.055707,10.47
2025-08-25 17:00:00,7.0,9.90736361274605,10.650603,9.16
2025-08-25 18:00:00,7.0,8.457996662995033,7.4729238,8.08
2025-08-25 19:00:00,7.0,9.222780560284782,8.241311,7.61
2025-08-25 20:00:00,8.0,9.045324721685976,9.202059,7.8
2025-08-25 21:00:00,8.0,10.331893578764916,10.175104,7.97
2025-08-25 22:00:00,9.0,10.45246793842464,10.345256,8.49
2025-08-25 23:00:00,8.0,10.43638336451225,10.299675,8.44
2025-08-26 00:00:00,5.0,9.478637020609332,8.182908,7.09
2025-08-26 01:00:00,10.0,7.0662699032591965,5.901306,8.69
2025-08-26 02:00:00,11.0,11.12567690602401,11.3682785,10.04
2025-08-26 03:00:00,8.0,11.90550103105328,9.364568,9.1
2025-08-26 04:00:00,8.0,9.307734617800532,7.5957227,8.82
2025-08-26 05:00:00,6.0,9.363245092536156,8.6880665,7.57
2025-08-26 06:00:00,8.0,8.083847979849036,7.4783864,8.08
2025-08-26 07:00:00,14.0,12.219130730055532,12.315123,11.5
2025-08-26 08:00:00,32.0,15.891951541241786,17.88784,21.91
2025-08-26 09:00:00,29.0,23.39393049729605,24.249186,25.92
2025-08-26 10:00:00,7.0,23.26673857680286,22.817734,16.84
2025-08-26 11:00:00,12.0,11.33007391915377,11.261493,14.78
2025-08-26 12:00:00,15.0,12.958540382404367,11.948973,15.29
2025-08-26 13:00:00,8.0,12.068358426860245,11.934658,11.92
2025-08-26 14:00:00,6.0,9.58898031128488,10.473972,8.96
2025-08-26 15:00:00,6.0,7.732805816127654,7.2395043,7.48
2025-08-26 16:00:00,6.0,7.320169859665163,6.971687,6.74
2025-08-26 17:00:00,11.0,7.565998505041449,7.38073,13.88
2025-08-26 18:00:00,10.0,11.822795963823587,11.576806,
2025-08-26 19:00:00,7.0,11.111012640596359,11.063564,7.92
2025-08-26 20:00:00,15.0,8.996064294739107,8.841685,11.46
2025-08-26 21:00:00,14.0,13.334291014394509,13.527897,13.15
2025-08-26 22:00:00,13.0,13.318817048786116,13.378033,13.28
2025-08-26 23:00:00,9.0,13.54706229158511,12.248227,11.34
2025-08-27 00:00:00,6.0,9.849385910593687,9.45581,8.96
2025-08-27 01:00:00,9.0,7.9598713747560454,7.271444,9.4
2025-08-27 02:00:00,8.0,9.521252050458752,10.296784,9.05
2025-08-27 03:00:00,7.0,8.499714513055924,7.634047,8.03
2025-08-27 04:00:00,7.0,7.5572563137127675,6.915135,7.82
2025-08-27 05:00:00,10.0,8.173602597263057,7.6435313,8.96
2025-08-27 06:00:00,5.0,12.044632939672107,12.386986,6.98
2025-08-27 07:00:00,5.0,9.050678036074892,9.091384,6.44
2025-08-27 08:00:00,10.0,9.139036010883828,8.947212,8.42
2025-08-27 09:00:00,7.0,11.319691946150003,9.314052,8.01
2025-08-27 10:00:00,10.0,7.856770555478312,7.0149817,9.2
2025-08-27 11:00:00,6.0,9.268878788047779,8.395768,7.88
2025-08-27 12:00:00,4.0,6.232570171084621,5.539101,6.39
2025-08-27 13:00:00,9.0,4.964725222526689,5.324651,7.98
2025-08-27 14:00:00,6.0,8.112963974547172,8.2261915,7.42
2025-08-27 15:00:00,5.0,6.0815661252730076,5.9569926,6.48
2025-08-27 16:00:00,3.0,6.580836876449897,6.1893954,4.89
2025-08-27 17:00:00,5.0,5.392301416195996,4.6282845,5.09
2025-08-27 18:00:00,6.0,6.447774186897929,5.867619,5.97
2025-08-27 19:00:00,6.0,7.74874403699803,7.2882876,6.13
2025-08-27 20:00:00,7.0,6.905633272796898,7.0088263,6.99
2025-08-27 21:00:00,7.0,8.09273958161864,8.269451,7.45
2025-08-27 22:00:00,12.0,8.356325094190368,8.027403,10.01
2025-08-27 23:00:00,9.0,11.112872518490388,11.601359,9.86
2025-08-28 00:00:00,7.0,9.406752880760326,7.7557735,8.71
2025-08-28 01:00:00,5.0,8.383396016595613,7.5585384,6.93
2025-08-28 02:00:00,5.0,6.513673755460376,6.1616707,6.31
2025-08-28 03:00:00,3.0,6.299021976040894,5.3953977,5.01
2025-08-28 04:00:00,2.0,4.912476645181436,4.371194,3.5
2025-08-28 05:00:00,2.0,4.277536088463227,3.7791505,2.97
2025-08-28 06:00:00,5.0,4.293254558952706,4.506207,4.13
2025-08-28 07:00:00,7.0,5.7118969737605,6.6950483,5.94
2025-08-28 08:00:00,11.0,7.70965907100746,8.623484,8.61
2025-08-28 09:00:00,6.0,10.664196424054152,10.298015,7.58
2025-08-28 10:00:00,3.0,6.910176618176277,5.7123814,5.64
2025-08-28 11:00:00,2.0,5.432371706145163,4.8090844,3.82
2025-08-28 12:00:00,2.0,3.6996884881398535,2.6207786,3.13
2025-08-28 13:00:00,5.0,4.2238928158844615,3.3110342,4.14
2025-08-28 14:00:00,6.0,6.085674501104957,5.5761485,5.21
2025-08-28 15:00:00,7.0,5.993382388705257,5.7549386,6.53
2025-08-28 16:00:00,7.0,6.784035781074456,6.8778625,6.99
2025-08-28 17:00:00,10.0,7.457160597390743,7.6876273,8.5
2025-08-28 18:00:00,10.0,9.409572371937234,10.4318695,9.4
2025-08-28 19:00:00,12.0,9.880147126657988,10.300219,11.06
2025-08-28 20:00:00,16.0,12.514419794989239,12.043244,13.89
2025-08-28 21:00:00,14.0,14.314989002855087,14.035093,14.3
2025-08-28 22:00:00,13.0,14.39895841402606,14.382603,13.65
2025-08-28 23:00:00,12.0,13.912496756284707,13.797346,12.89
2025-08-29 00:00:00,9.0,12.541029995490021,11.6552515,11.07
2025-08-29 01:00:00,23.0,9.65557675971434,8.557551,17.19
2025-08-29 02:00:00,24.0,17.130384307010278,18.698309,20.73
2025-08-29 03:00:00,19.0,19.658327005865996,17.123617,20.07
2025-08-29 04:00:00,15.0,16.79239758541243,15.304862,17.6
2025-08-29 05:00:00,10.0,16.33376490902181,14.589265,14.17
2025-08-29 06:00:00,16.0,12.683327671650565,13.381105,15.31
2025-08-29 07:00:00,26.0,17.976120292630107,19.571373,20.96
2025-08-29 08:00:00,34.0,25.57792062720231,28.729477,27.61
2025-08-29 09:00:00,22.0,29.280550310229426,28.071886,25.22
2025-08-29 10:00:00,15.0,21.82599067922857,21.740877,20.39
2025-08-29 11:00:00,13.0,16.12768555713961,16.226397,16.77
2025-08-29 12:00:00,13.0,12.029397758818163,10.715881,15.24
2025-08-29 13:00:00,11.0,11.664438858405441,11.163211,13.25
2025-08-29 14:00:00,7.0,10.078679221290292,10.692331,10.12
2025-08-29 15:00:00,8.0,6.928993099254175,7.2416673,9.15
2025-08-29 16:00:00,13.0,8.859772195295156,8.39232,11.42
2025-08-29 17:00:00,6.0,11.552585522664744,11.810488,8.86
2025-08-29 18:00:00,7.0,7.865323273356126,7.5105004,8.35
2025-08-29 19:00:00,8.0,8.989596985753684,9.006539,8.19
2025-08-29 20:00:00,8.0,10.839055705165247,10.507239,11.08
2025-08-29 21:00:00,14.0,10.287487044404708,10.559541,12.77
2025-08-29 22:00:00,16.0,14.487297542646221,14.812477,14.77
2025-08-29 23:00:00,18.0,14.817007423074852,14.501859,16.69
2025-08-30 00:00:00,12.0,15.021672140297834,14.885289,18.16
2025-08-30 01:00:00,10.0,14.607967350081024,13.015311,14.36
2025-08-30 02:00:00,8.0,11.974959835005496,12.089041,11.18
2025-08-30 03:00:00,8.0,9.547887215764018,8.646331,9.59
2025-08-30 04:00:00,8.0,9.778682034831212,8.679737,9.1
2025-08-30 05:00:00,12.0,9.216738355487019,9.122355,10.77
2025-08-30 06:00:00,16.0,12.944523448928047,14.808703,13.49
2025-08-30 07:00:00,24.0,17.625774656791435,19.467266,18.76
2025-08-30 08:00:00,28.0,23.378923751414355,27.542213,23.8
2025-08-30 09:00:00,20.0,26.30754837161664,29.76654,22.09
2025-08-30 10:00:00,11.0,19.26753499986117,21.846395,16.54
2025-08-30 11:00:00,11.0,12.896630988433301,11.434538,14.15
2025-08-30 12:00:00,15.0,11.260579939128492,11.810342,14.64
2025-08-30 13:00:00,9.0,12.644571704935242,12.46293,12.24
2025-08-30 14:00:00,8.0,9.744650888183525,9.814589,10.26
2025-08-30 15:00:00,4.0,9.967967915116192,11.004351,7.42
2025-08-30 16:00:00,9.0,8.05418422740076,7.5203323,8.44
2025-08-30 17:00:00,19.0,11.148845265114266,11.849786,13.81
2025-08-30 18:00:00,25.0,16.66549911006805,16.27615,19.68
2025-08-30 19:00:00,23.0,21.77044364639818,21.029926,21.78
2025-08-30 20:00:00,29.0,20.85474493416849,23.448057,25.39
2025-08-30 21:00:00,30.0,26.49952712584015,27.762514,27.85
2025-08-30 22:00:00,37.0,28.140415916697556,26.112158,32.64
2025-08-30 23:00:00,32.0,34.472336924217025,32.83462,32.52
2025-08-31 00:00:00,22.0,31.235327850971125,29.926968,27.69
2025-08-31 01:00:00,19.0,24.10904954541919,21.297329,23.82
2025-08-31 02:00:00,7.0,21.448295388079927,20.480268,15.84
2025-08-31 03:00:00,7.0,13.320991712567317,8.83271,11.78
2025-08-31 04:00:00,11.0,9.926898756432111,9.018527,11.45
2025-08-31 05:00:00,6.0,12.390900935813175,11.311852,8.73
2025-08-31 06:00:00,6.0,8.624309427417188,8.044682,7.43
2025-08-31 07:00:00,7.0,9.234648553288391,10.001558,7.29
2025-08-31 08:00:00,9.0,10.977831538499924,10.464845,8.3
2025-08-31 09:00:00,16.0,10.967351474640694,10.247581,12.57
2025-08-31 10:00:00,15.0,11.926704430971427,12.1935215,14.14
2025-08-31 11:00:00,12.0,11.565048988919912,11.269321,13.56
2025-08-31 12:00:00,6.0,11.772382849727904,11.778627,9.98
2025-08-31 13:00:00,3.0,6.473083598572065,6.184957,6.64
2025-08-31 14:00:00,5.0,5.988846689221249,5.2647276,5.89
2025-08-31 15:00:00,5.0,7.154745963193083,7.259063,5.8
2025-08-31 16:00:00,4.0,8.280475567338359,7.68893,4.97
2025-08-31 17:00:00,5.0,7.081733945160611,6.77418,4.99
2025-08-31 18:00:00,6.0,6.231881902275714,6.2120643,5.71
2025-08-31 19:00:00,15.0,6.900785108173599,7.20321,10.66
2025-08-31 20:00:00,22.0,13.465172472772602,15.052673,16.74
2025-08-31 21:00:00,10.0,20.533835987476596,21.14321,13.44
2025-08-31 22:00:00,12.0,13.865207143154107,12.85097,13.2
2025-08-31 23:00:00,22.0,14.910112869435821,13.492658,18.09
2025-09-01 00:00:00,17.0,18.940655359115375,19.282642,17.77
2025-09-01 01:00:00,19.0,16.551917471335557,15.902657,18.59
2025-09-01 02:00:00,14.0,18.470372474912605,20.008863,16.79
2025-09-01 03:00:00,9.0,14.446713928301975,13.5041065,12.89
2025-09-01 04:00:00,9.0,10.6755668920162,10.055875,11.24
2025-09-01 05:00:00,13.0,10.408726550826044,9.5080595,12.49
2025-09-01 06:00:00,18.0,14.02578381094377,14.942307,15.46
2025-09-01 07:00:00,22.0,17.594771998831142,20.373898,19.04
2025-09-01 08:00:00,32.0,21.939175164741464,24.761631,25.67
2025-09-01 09:00:00,32.0,25.406724927885254,27.634607,29.18
2025-09-01 10:00:00,25.0,24.93396582494783,24.309862,27.16
2025-09-01 11:00:00,25.0,20.495094105509775,19.713861,26.51
2025-09-01 12:00:00,24.0,22.39813403733541,24.949724,25.32
2025-09-01 13:00:00,17.0,18.694356406591474,16.994135,21.5
2025-09-01 14:00:00,9.0,15.45359223138593,15.336284,15.68
2025-09-01 15:00:00,9.0,11.01458735060392,10.093597,12.41
2025-09-01 16:00:00,10.0,10.526551079602266,10.1029625,11.64
2025-09-01 17:00:00,15.0,11.816961994208256,11.6584,13.53
2025-09-01 18:00:00,12.0,13.597918518101793,13.80448,13.13
2025-09-01 19:00:00,16.0,13.020407796339786,12.431833,14.7
2025-09-01 20:00:00,12.0,15.363244460148103,15.755225,13.71
2025-09-01 21:00:00,17.0,13.443998811284953,13.632757,15.35
2025-09-01 22:00:00,15.0,15.861859025757472,16.085352,15.37
2025-09-01 23:00:00,7.0,14.928210307556824,14.640641,11.49
2025-09-02 00:00:00,15.0,10.506300889353684,9.611963,13.68
2025-09-02 01:00:00,9.0,14.03981885125283,14.460818,11.56
2025-09-02 02:00:00,11.0,10.707182054370811,11.499536,11.56
2025-09-02 03:00:00,9.0,11.099435522739435,11.151957,10.35
2025-09-02 04:00:00,9.0,9.35529655827625,8.7047,9.81
2025-09-02 05:00:00,5.0,9.842857514579265,9.566057,7.62
2025-09-02 06:00:00,8.0,7.834007822760894,7.997368,7.96
2025-09-02 07:00:00,11.0,11.968642625656155,12.41765,9.85
2025-09-02 08:00:00,20.0,13.933192108528715,15.1446495,15.27
2025-09-02 09:00:00,14.0,20.988275605506026,20.786757,15.01
2025-09-02 10:00:00,22.0,14.202846358572936,11.845997,18.98
2025-09-02 11:00:00,11.0,17.674558097263997,20.053083,15.14
2025-09-02 12:00:00,13.0,12.241410583166626,11.030256,14.44
2025-09-02 13:00:00,16.0,11.721223674539026,11.790648,15.49
2025-09-02 14:00:00,9.0,12.597650849397564,13.876469,12.26
2025-09-02 15:00:00,14.0,9.639928332974046,10.029049,13.56
2025-09-02 16:00:00,14.0,13.67988663474512,13.8943205,13.92
2025-09-02 17:00:00,16.0,13.0231044937309,12.834626,15.11
2025-09-02 18:00:00,18.0,13.959063979991328,13.554606,16.56
2025-09-02 19:00:00,16.0,15.788050317579176,15.819147,16.62
2025-09-02 20:00:00,10.0,15.143567289525734,15.879846,13.39
2025-09-02 21:00:00,16.0,12.658288535814647,12.667816,14.83
2025-09-02 22:00:00,12.0,15.15587307665753,14.967894,13.64
2025-09-02 23:00:00,15.0,13.583398913288038,12.735287,14.75
2025-09-03 00:00:00,21.0,14.846499342447778,14.652947,18.16
2025-09-03 01:00:00,23.0,18.298621713313498,19.566383,20.71
2025-09-03 02:00:00,12.0,20.456005442819947,20.564674,16.56
2025-09-03 03:00:00,10.0,12.889470491027422,11.769766,13.36
2025-09-03 04:00:00,18.0,11.488230147530226,10.988666,15.69
2025-09-03 05:00:00,25.0,15.531019965765767,15.632267,20.72
2025-09-03 06:00:00,37.0,24.3274870027672,27.119858,29.02
2025-09-03 07:00:00,43.0,35.462769084763465,41.5491,36.5
2025-09-03 08:00:00,37.0,41.873589527936865,42.829372,37.04
2025-09-03 09:00:00,34.0,35.93170670260204,35.47494,35.87
2025-09-03 10:00:00,31.0,31.117567142297904,30.309893,33.93
2025-09-03 11:00:00,23.0,26.150325392512308,25.462212,28.87
2025-09-03 12:00:00,11.0,19.936010343811535,18.826372,20.01
2025-09-03 13:00:00,11.0,13.133895979713094,13.816745,15.86
2025-09-03 14:00:00,9.0,11.501642434695928,11.469469,12.78
2025-09-03 15:00:00,8.0,10.395041967257956,10.233182,10.68
2025-09-03 16:00:00,12.0,10.065342970490294,11.72025,11.41
2025-09-03 17:00:00,12.0,11.893251525036458,12.986435,12.06
2025-09-03 18:00:00,12.0,12.315455070271433,12.575875,12.26
2025-09-03 19:00:00,20.0,12.33452351169988,12.909114,16.33
2025-09-03 20:00:00,18.0,15.782349233359103,17.754456,17.18
2025-09-03 21:00:00,25.0,17.52711514322698,17.843754,21.32
2025-09-03 22:00:00,32.0,24.394833109874362,25.121298,26.71
2025-09-03 23:00:00,19.0,27.231230645685542,27.389214,23.12
2025-09-04 00:00:00,11.0,17.41857244285579,14.647388,17.34
2025-09-04 01:00:00,14.0,15.405140234419534,14.403261,15.81
2025-09-04 02:00:00,9.0,14.931475053467823,15.03756,12.61
2025-09-04 03:00:00,6.0,11.189362261178477,9.42697,9.52
2025-09-04 04:00:00,8.0,8.473735453173981,7.436338,9.12
2025-09-04 05:00:00,7.0,9.842056923620621,9.435214,8.06
2025-09-04 06:00:00,7.0,10.878881189338482,10.502855,7.67
2025-09-04 07:00:00,10.0,12.1649036903385,14.661941,9.07
2025-09-04 08:00:00,19.0,13.194892890324464,13.528992,14.03
2025-09-04 09:00:00,20.0,18.733275000827803,18.281046,17.17
2025-09-04 10:00:00,26.0,17.891398767736217,18.76927,21.71
2025-09-04 11:00:00,15.0,20.782722687598486,19.365452,18.71
2025-09-04 12:00:00,14.0,11.938174899341595,11.898427,16.35
2025-09-04 13:00:00,13.0,11.57328270359411,11.805839,14.88
2025-09-04 14:00:00,11.0,11.830714546135997,11.962876,12.95
2025-09-04 15:00:00,16.0,11.385460553363922,11.262091,14.76
2025-09-04 16:00:00,15.0,14.484383199971234,14.622388,15.18
2025-09-04 17:00:00,24.0,13.819377628584308,12.774584,19.8
2025-09-04 18:00:00,19.0,19.47430704186418,20.214643,19.45
2025-09-04 19:00:00,8.0,17.97776307382353,17.12365,13.8
2025-09-04 20:00:00,12.0,11.407215810081098,11.567241,13.3
2025-09-04 21:00:00,34.0,14.569634451880953,14.454134,23.71
2025-09-04 22:00:00,28.0,26.592652514333892,28.03367,26.06
2025-09-04 23:00:00,24.0,28.35022125728533,29.36458,25.17
2025-09-05 00:00:00,19.0,22.17965160942614,22.194984,22.23
2025-09-05 01:00:00,15.0,18.199323806805605,17.609089,18.76
2025-09-05 02:00:00,15.0,16.38266678730137,16.003374,17.15
2025-09-05 03:00:00,8.0,16.30146138876149,16.55851,12.66
2025-09-05 04:00:00,15.0,11.496964571425037,9.910138,14.19
2025-09-05 05:00:00,20.0,15.708169173881634,15.678859,17.24
2025-09-05 06:00:00,22.0,18.801575536651438,20.664742,19.84
2025-09-05 07:00:00,26.0,21.42895141366176,23.957178,23.37
2025-09-05 08:00:00,35.0,27.36519646287171,30.073303,29.67
2025-09-05 09:00:00,26.0,31.17012410676844,33.023674,27.93
2025-09-05 10:00:00,36.0,22.93112785023982,21.9177,32.15
2025-09-05 11:00:00,19.0,27.065402332913482,26.610706,25.92
2025-09-05 12:00:00,12.0,16.504873883816117,15.369808,19.32
2025-09-05 13:00:00,15.0,13.348356792094618,14.1704,17.21
2025-09-05 14:00:00,6.0,14.35011663698604,14.115296,11.63
2025-09-05 15:00:00,16.0,8.617295144568224,7.545943,14.23
2025-09-05 16:00:00,11.0,15.344318101629119,17.123268,12.63
2025-09-05 17:00:00,17.0,12.190085231054901,12.458679,15.03
2025-09-05 18:00:00,19.0,15.534962332967288,15.265379,17.3
2025-09-05 19:00:00,18.0,16.762062592728938,16.41112,17.66
2025-09-05 20:00:00,21.0,16.517070856021007,17.767797,19.66
2025-09-05 21:00:00,8.0,21.074364256787945,21.277151,14.12
2025-09-05 22:00:00,11.0,12.815723291731688,11.340866,12.98
2025-09-05 23:00:00,11.0,14.482148382042537,13.643512,12.28
2025-09-06 00:00:00,14.0,12.323005840965866,12.776185,13.43
2025-09-06 01:00:00,12.0,13.606552559739459,13.650769,12.71
2025-09-06 02:00:00,11.0,13.44536535779649,14.179847,12.14
2025-09-06 03:00:00,9.0,12.541600519764017,10.686222,10.86
2025-09-06 04:00:00,13.0,11.025670325625407,10.187918,12.37
2025-09-06 05:00:00,18.0,13.478622953806404,12.582468,15.39
2025-09-06 06:00:00,14.0,17.600983930233383,18.725874,15.12
2025-09-06 07:00:00,15.0,17.943335698184125,18.777521,15.44
2025-09-06 08:00:00,26.0,20.002823813888064,20.973942,21.16
2025-09-06 09:00:00,32.0,24.95521084854162,23.98566,26.95
2025-09-06 10:00:00,38.0,25.569259879871694,25.180624,32.93
2025-09-06 11:00:00,46.0,27.314661671643197,28.252848,39.86
2025-09-06 12:00:00,26.0,31.864690506897723,34.473644,33.13
2025-09-06 13:00:00,26.0,23.73233698815525,21.686737,30.03
2025-09-06 15:00:00,39.0,23.063284745886985,23.46181,47.23
2025-09-06 16:00:00,19.0,31.345799512065202,32.22357,33.44
2025-09-06 17:00:00,42.0,20.81833052740173,18.74516,37.81
2025-09-06 18:00:00,51.0,32.739791087505346,34.12469,44.87
2025-09-06 19:00:00,61.0,40.05887712895339,45.210003,53.36
2025-09-06 20:00:00,21.0,46.776899792677206,54.521,37.48
2025-09-06 21:00:00,29.0,26.984736841670767,22.65263,33.66
2025-09-06 22:00:00,22.0,28.017842558527203,28.758059,27.89
2025-09-06 23:00:00,18.0,23.980320352412697,21.184853,23.17
2025-09-07 00:00:00,24.0,20.965204737952313,18.175861,23.96
2025-09-07 01:00:00,11.0,23.504841083089598,17.98427,17.91
2025-09-07 02:00:00,17.0,13.990517614808367,14.054262,17.45
2025-09-07 03:00:00,15.0,17.477996503495365,16.679228,16.56
2025-09-07 04:00:00,8.0,15.544235509131031,14.54552,12.5
2025-09-07 05:00:00,10.0,11.317400049594877,10.517776,11.53
2025-09-07 06:00:00,8.0,13.006020934481215,13.526924,9.76
2025-09-07 07:00:00,9.0,11.428427161905637,12.719554,9.53
2025-09-07 08:00:00,15.0,13.369367583165216,14.0051565,12.53
2025-09-07 09:00:00,7.0,16.500291137262355,16.563702,9.91
2025-09-07 10:00:00,9.0,9.141157604393289,9.1486025,9.89
2025-09-07 11:00:00,14.0,10.724085427408905,10.543372,12.15
2025-09-07 12:00:00,10.0,14.078291235472513,15.658417,11.36
2025-09-07 13:00:00,8.0,9.382847474813579,9.144122,9.75
2025-09-07 14:00:00,8.0,8.783482547149866,8.762019,9.08
2025-09-07 15:00:00,5.0,10.321826544703406,10.684924,7.19
2025-09-07 16:00:00,7.0,7.317980369420772,7.0197573,7.38
2025-09-07 17:00:00,10.0,10.549108591698861,13.304167,8.97
2025-09-07 18:00:00,7.0,12.039826613920981,11.178013,8.34
2025-09-07 19:00:00,6.0,10.556391797382334,10.995239,7.32
2025-09-07 20:00:00,7.0,8.654264507239922,8.806961,7.58
2025-09-07 21:00:00,7.0,9.245494071044678,9.047547,7.37
2025-09-07 22:00:00,8.0,9.212814984172189,8.218838,8.12
2025-09-07 23:00:00,14.0,10.544836628556642,8.483596,11.13
2025-09-08 00:00:00,14.0,13.274617777593583,12.808038,12.93
2025-09-08 01:00:00,13.0,13.354269496467769,12.966157,13.11
2025-09-08 02:00:00,14.0,13.794743435988217,13.755897,13.98
2025-09-08 03:00:00,14.0,14.541708684426364,12.541415,13.99
2025-09-08 04:00:00,13.0,13.883042420659535,13.04462,13.63
2025-09-08 05:00:00,10.0,13.650039141654982,12.919469,11.9
2025-09-08 06:00:00,17.0,12.277498897790483,12.303344,14.52
2025-09-08 07:00:00,18.0,17.59645382195767,19.411322,16.41
2025-09-08 08:00:00,20.0,19.767055408340998,20.731462,18.43
2025-09-08 09:00:00,25.0,18.88825837617814,21.694912,21.88
2025-09-08 10:00:00,35.0,20.889502090272305,19.904232,28.69
2025-09-08 11:00:00,14.0,26.12457337625297,29.24205,21.55
2025-09-08 12:00:00,10.0,14.130659860633925,10.641074,15.84
2025-09-08 13:00:00,5.0,9.89741561658256,8.378408,10.56
2025-09-08 14:00:00,6.0,6.7284455390979545,6.1217704,8.71
2025-09-08 15:00:00,5.0,7.4740766792060604,6.6153874,7.28
2025-09-08 16:00:00,5.0,7.607535161901131,8.542758,6.5
2025-09-08 17:00:00,9.0,7.415465498592737,7.3925214,8.11
2025-09-08 18:00:00,8.0,9.06181106601593,9.629594,8.27
2025-09-08 19:00:00,11.0,8.785608873362893,8.449814,9.93
2025-09-08 20:00:00,14.0,11.490714908060536,12.174032,12.32
2025-09-08 21:00:00,13.0,12.956403705517197,13.161386,12.88
2025-09-08 22:00:00,15.0,13.17836244025629,13.253906,14.07
2025-09-08 23:00:00,11.0,14.7661717984847,14.560308,12.68
2025-09-09 00:00:00,13.0,12.32427910622289,11.904392,12.91
2025-09-09 01:00:00,13.0,13.088155020991987,13.301479,13.09
2025-09-09 02:00:00,8.0,13.264976942162876,13.169189,10.97
2025-09-09 03:00:00,8.0,10.52088213579765,8.332267,9.71
2025-09-09 04:00:00,11.0,9.814253106052234,8.894719,10.62
2025-09-09 05:00:00,14.0,12.134410279850865,11.696245,12.2
2025-09-09 06:00:00,16.0,14.42169533625617,15.5294695,14.54
2025-09-09 07:00:00,29.0,17.35439466740281,18.806808,22.1
2025-09-09 08:00:00,44.0,25.41161938282079,32.45634,33.26
2025-09-09 09:00:00,37.0,31.51298570866904,33.893627,35.23
2025-09-09 10:00:00,13.0,32.265689610600745,30.531088,24.61
2025-09-09 11:00:00,8.0,16.42163298261702,14.09643,16.59
2025-09-09 12:00:00,11.0,10.404234265839996,8.707298,14.08
2025-09-09 13:00:00,9.0,10.824597041242502,10.079287,11.9
2025-09-09 14:00:00,14.0,9.681016414433028,9.350023,13.17
2025-09-09 15:00:00,19.0,12.145735820733558,13.447969,16.11
2025-09-09 16:00:00,29.0,13.219496675125777,13.027587,22.83
2025-09-09 17:00:00,19.0,21.330400878578747,23.10373,21.33
2025-09-09 18:00:00,12.0,16.604682974744687,13.9848175,17.02
2025-09-09 19:00:00,10.0,14.156474073182409,13.164974,13.79
2025-09-09 20:00:00,8.0,12.011723802897693,12.188814,11.25
2025-09-09 21:00:00,13.0,9.867918507249266,10.357306,12.12
2025-09-09 22:00:00,13.0,14.213121918811462,14.98189,12.78
2025-09-09 23:00:00,15.0,13.462076558767537,12.996392,14.17
2025-09-10 00:00:00,12.0,13.400679239208085,12.974369,13.16
2025-09-10 01:00:00,8.0,12.595959925626556,12.041256,10.81
2025-09-10 02:00:00,16.0,9.3860673404205,9.184684,13.76
2025-09-10 03:00:00,14.0,13.58830241054223,12.203122,14.24
2025-09-10 04:00:00,13.0,13.92726718446659,13.473804,13.62
2025-09-10 05:00:00,14.0,14.063991970403803,13.948094,14.29
2025-09-10 06:00:00,27.0,15.899497267594139,16.081144,20.72
2025-09-10 07:00:00,27.0,26.92527875774717,29.316822,24.15
2025-09-10 08:00:00,23.0,27.82657188159298,29.469706,24.01
2025-09-10 09:00:00,17.0,22.86842075890587,23.113998,20.65
2025-09-10 10:00:00,18.0,16.108864910728283,16.547836,19.61
2025-09-10 11:00:00,15.0,14.03181126865892,12.951098,17.38
2025-09-10 12:00:00,10.0,13.724545722787122,13.149029,14.11
2025-09-10 13:00:00,14.0,9.476080180705257,9.136258,14.33
2025-09-10 14:00:00,6.0,12.247921282406901,12.342777,10.6
2025-09-10 15:00:00,12.0,7.919253160182723,6.582234,11.37
2025-09-10 16:00:00,12.0,12.730259299522766,12.310218,11.97
2025-09-10 17:00:00,10.0,11.439474289571912,12.450553,10.98
2025-09-10 18:00:00,11.0,10.942047775745637,10.796821,11.0
2025-09-10 19:00:00,17.0,11.863387706137397,11.38953,14.0
2025-09-10 20:00:00,16.0,14.62684526457131,14.500576,15.43
2025-09-10 21:00:00,16.0,14.828831752253139,15.128004,15.86
2025-09-10 22:00:00,17.0,15.144208771396157,14.718039,16.49
2025-09-10 23:00:00,12.0,16.065551235857424,14.922598,14.25
2025-09-11 00:00:00,13.0,13.49989171420139,12.278709,13.76
2025-09-11 01:00:00,20.0,13.591734395463995,12.308677,16.94
2025-09-11 02:00:00,13.0,17.665975433296147,18.611025,15.46
2025-09-11 03:00:00,8.0,13.731924332712028,12.587759,11.73
2025-09-11 04:00:00,8.0,10.899136181490137,9.2555895,10.08
2025-09-11 05:00:00,10.0,10.16370989821922,9.269272,10.25
2025-09-11 06:00:00,7.0,13.385582663867224,12.717977,9.05
2025-09-11 07:00:00,15.0,10.642057141840471,11.533236,12.05
2025-09-11 08:00:00,26.0,17.143616848270852,18.94006,19.09
2025-09-11 09:00:00,19.0,19.7914914591214,22.749184,19.31
2025-09-11 10:00:00,10.0,15.921414241043182,15.18386,15.08
2025-09-11 11:00:00,9.0,9.803026516206948,8.479507,12.4
2025-09-11 12:00:00,10.0,8.690182620305697,8.567045,11.51
2025-09-11 13:00:00,23.0,9.10074680470266,8.698594,17.66
2025-09-11 14:00:00,10.0,14.469374660065306,18.777624,14.19
2025-09-11 15:00:00,9.0,10.344111010825197,10.599229,11.74
2025-09-11 16:00:00,10.0,10.159404601438975,9.965388,11.02
2025-09-11 17:00:00,5.0,10.570167044823588,10.761222,8.3
2025-09-11 18:00:00,3.0,6.949798437157896,6.8909125,5.87
2025-09-11 19:00:00,7.0,6.777613471244922,6.175809,6.74
2025-09-11 20:00:00,16.0,9.80185939011315,9.400369,11.58
2025-09-11 21:00:00,14.0,14.218608912771835,14.7750435,12.86
2025-09-11 22:00:00,21.0,14.196397712502806,15.391705,17.07
2025-09-11 23:00:00,22.0,19.55415101229245,20.083586,19.61
2025-09-12 00:00:00,17.0,19.814672076328307,19.806831,18.52
2025-09-12 01:00:00,20.0,15.661649592112312,15.841496,19.61
2025-09-12 02:00:00,24.0,20.064696949757046,20.053003,22.03
2025-09-12 03:00:00,20.0,20.005281309181193,17.080015,21.16
2025-09-12 04:00:00,16.0,18.464162596662067,18.251152,18.65
2025-09-12 05:00:00,18.0,17.490932623550176,16.849857,18.39
2025-09-12 06:00:00,26.0,18.64525125997021,19.044277,22.62
2025-09-12 07:00:00,38.0,26.269303998158456,29.541986,30.59
2025-09-12 08:00:00,41.0,38.72811662838689,42.635174,35.88
2025-09-12 09:00:00,34.0,34.61491291812917,34.983612,35.02
2025-09-12 10:00:00,22.0,28.78722942601665,24.706537,28.66
2025-09-12 11:00:00,18.0,17.047230662948362,15.022404,23.33
2025-09-12 12:00:00,17.0,15.214825901672722,15.383957,20.17
2025-09-12 13:00:00,10.0,16.682219389525574,16.430855,15.44
2025-09-12 14:00:00,8.0,10.42569157062627,10.331362,12.07
2025-09-12 15:00:00,8.0,9.633513931121664,8.804711,10.05
2025-09-12 16:00:00,14.0,9.955821590439015,9.399717,12.32
2025-09-12 17:00:00,18.0,13.351799646511667,13.130691,15.3
2025-09-12 18:00:00,20.0,14.240000747106036,14.89742,17.94
2025-09-12 19:00:00,23.0,17.558785352187996,17.99099,20.75
2025-09-12 20:00:00,20.0,21.433019190193583,22.853897,20.51
2025-09-12 21:00:00,17.0,18.90791445508642,19.813993,18.89
2025-09-12 22:00:00,23.0,17.062432231499184,17.283468,21.38
2025-09-12 23:00:00,18.0,22.686308171123773,21.137106,20.14
2025-09-13 00:00:00,29.0,18.07925081736252,17.87731,24.65
2025-09-13 01:00:00,24.0,25.853407464799957,26.604826,24.69
2025-09-13 02:00:00,27.0,24.010136716361643,22.866528,26.28
2025-09-13 03:00:00,20.0,24.839596201703557,21.843222,23.36
2025-09-13 04:00:00,16.0,21.645021889587518,20.312904,20.53
2025-09-13 05:00:00,15.0,18.134942098466723,15.736635,17.64
2025-09-13 06:00:00,20.0,18.108478341387645,18.959272,18.84
2025-09-13 07:00:00,15.0,22.823281068705718,23.66958,17.4
2025-09-13 08:00:00,20.0,20.140396981607747,21.88355,18.74
2025-09-13 09:00:00,15.0,20.391414326799392,21.098837,16.92
2025-09-13 10:00:00,14.0,13.930627522525995,13.40139,15.72
2025-09-13 11:00:00,12.0,11.778837388941243,11.658565,13.86
2025-09-13 12:00:00,11.0,11.435712732575146,11.483682,12.58
2025-09-13 13:00:00,6.0,10.115256009233239,10.115071,9.71
2025-09-13 14:00:00,6.0,6.31653459440805,6.271051,7.85
2025-09-13 15:00:00,6.0,7.149819761154155,6.6444545,7.0
2025-09-13 16:00:00,7.0,7.2544094737041,9.776002,7.14
2025-09-13 17:00:00,9.0,8.728170009780259,8.534954,8.21
2025-09-13 18:00:00,11.0,9.97024188969854,10.608554,9.74
2025-09-13 19:00:00,12.0,11.501963930561022,12.934196,11.23
2025-09-13 20:00:00,10.0,12.484895936087577,12.994889,10.97
2025-09-13 21:00:00,9.0,12.633191019107832,12.217571,10.41
2025-09-13 22:00:00,15.0,11.059752951687193,11.170445,13.13
2025-09-13 23:00:00,21.0,15.285431674522403,14.618667,17.35
2025-09-14 00:00:00,25.0,19.319889807224623,21.010828,21.67
2025-09-14 01:00:00,31.0,23.370171852840794,22.47869,26.7
2025-09-14 02:00:00,28.0,27.36801401994612,27.332605,27.72
2025-09-14 03:00:00,21.0,25.38660474454102,24.336452,24.36
2025-09-14 04:00:00,21.0,22.608984916245262,20.76472,22.83
2025-09-14 05:00:00,20.0,22.757917737891837,21.64939,21.67
2025-09-14 06:00:00,8.0,23.387036078128762,23.884026,15.04
2025-09-14 07:00:00,23.0,15.107303554942996,15.103385,19.02
2025-09-14 08:00:00,22.0,23.062416227621824,29.722866,20.94
2025-09-14 09:00:00,21.0,20.614417958204605,19.8783,21.25
2025-09-14 10:00:00,16.0,17.53309773680632,17.953074,18.88
2025-09-14 11:00:00,2.0,14.20513194335001,13.640944,10.51
2025-09-14 12:00:00,3.0,6.688829229627856,4.560899,7.11
2025-09-14 13:00:00,8.0,5.900988231420004,5.1235323,7.77
2025-09-14 14:00:00,11.0,8.28708059006995,8.401786,9.75
2025-09-14 15:00:00,14.0,11.053184530890523,11.631572,12.36
2025-09-14 16:00:00,9.0,12.679007570642215,13.080541,10.75
2025-09-14 17:00:00,10.0,10.048986389624218,10.221389,10.8
2025-09-14 18:00:00,14.0,10.840110182412747,11.252317,12.89
2025-09-14 19:00:00,8.0,13.203319590788924,12.684398,10.87
2025-09-14 20:00:00,8.0,10.551028222561358,11.921591,9.57
2025-09-14 21:00:00,9.0,10.80999764367945,10.809632,9.64
2025-09-14 22:00:00,8.0,11.37271896095244,11.506455,8.82
2025-09-14 23:00:00,9.0,10.909796452307791,10.107707,9.36
2025-09-15 00:00:00,20.0,10.228770186648187,9.610453,14.76
2025-09-15 01:00:00,14.0,17.892596911156463,17.935318,14.52
2025-09-15 02:00:00,9.0,15.190202476901604,14.531718,11.84
2025-09-15 03:00:00,4.0,11.259077373456915,9.729671,8.27
2025-09-15 04:00:00,9.0,7.1570323730749985,5.67257,8.71
2025-09-15 05:00:00,10.0,10.507077354173623,9.521999,9.42
2025-09-15 06:00:00,11.0,12.828332909645171,13.039209,10.28
2025-09-15 07:00:00,12.0,13.341624122386822,16.360466,11.64
2025-09-15 08:00:00,20.0,15.169401485779057,15.536733,15.88
2025-09-15 09:00:00,25.0,18.166974614767017,18.63746,20.81
2025-09-15 10:00:00,20.0,21.598280167842812,24.323784,20.82
2025-09-15 11:00:00,38.0,15.164386326790634,14.198364,29.77
2025-09-15 12:00:00,39.0,27.031562920258136,29.701147,34.48
2025-09-15 13:00:00,20.0,28.22055492067152,29.945667,27.72
2025-09-15 14:00:00,45.0,19.316273757384483,17.33818,36.54
2025-09-15 15:00:00,21.0,30.98545697579855,37.40281,28.96
2025-09-15 16:00:00,44.0,20.78441071047154,16.592287,36.5
2025-09-15 17:00:00,24.0,32.25594529523285,35.476128,30.62
2025-09-15 18:00:00,16.0,23.515458588313614,20.258358,23.6
2025-09-15 19:00:00,15.0,18.722972917487663,17.043097,19.72
2025-09-15 20:00:00,25.0,16.25016900700698,16.976158,22.51
2025-09-15 21:00:00,15.0,23.80491309478823,25.445154,18.9
2025-09-15 22:00:00,18.0,16.81358819937656,16.681406,18.68
2025-09-15 23:00:00,26.0,19.83437362896579,18.958525,22.55
2025-09-16 00:00:00,21.0,21.35182775126138,21.618671,21.92
2025-09-16 01:00:00,12.0,19.524698977093824,20.07942,17.24
2025-09-16 02:00:00,20.0,14.562411881703316,14.47623,19.05
2025-09-16 03:00:00,13.0,17.866818030438424,15.294499,16.45
2025-09-16 04:00:00,13.0,13.995412859026608,12.349851,14.8
2025-09-16 05:00:00,16.0,14.062566408691554,13.868556,15.49
2025-09-16 06:00:00,28.0,16.80084484018485,17.156118,22.1
2025-09-16 07:00:00,27.0,25.804682459346164,29.372717,24.55
2025-09-16 08:00:00,25.0,27.726416820688446,30.562384,25.26
2025-09-16 09:00:00,19.0,25.631278531857422,28.443956,22.27
2025-09-16 10:00:00,14.0,17.08880514709297,17.135475,18.41
2025-09-16 11:00:00,11.0,13.804810129113745,14.247383,14.91
2025-09-16 12:00:00,7.0,11.508618153656567,13.181159,11.31
2025-09-16 13:00:00,6.0,9.065985627535314,7.394279,8.73
2025-09-16 14:00:00,7.0,9.581419532205215,11.409865,7.93
2025-09-16 15:00:00,8.0,9.122489966627185,9.0318365,7.97
2025-09-16 16:00:00,8.0,10.808181062412034,9.7022295,8.12
2025-09-16 17:00:00,9.0,10.497657669235869,10.041636,8.92
2025-09-16 18:00:00,8.0,10.744354284869482,10.693292,8.95
2025-09-16 19:00:00,15.0,10.364379115539814,9.8058195,12.33
2025-09-16 20:00:00,19.0,14.957497110135712,16.091537,15.95
2025-09-16 21:00:00,20.0,18.256728498995468,18.543766,18.31
2025-09-16 22:00:00,44.0,18.288815372649935,21.776976,31.22
2025-09-16 23:00:00,48.0,32.01246603464491,37.255676,39.77
2025-09-17 00:00:00,31.0,35.554751024544295,36.358395,35.68
2025-09-17 01:00:00,28.0,28.923691164852258,24.981937,31.97
2025-09-17 02:00:00,23.0,28.928354196217498,27.963514,27.92
2025-09-17 03:00:00,21.0,23.90520976574047,22.373281,24.8
2025-09-17 04:00:00,14.0,22.70624803850559,20.89654,19.4
2025-09-17 05:00:00,15.0,17.985086820565378,16.690674,17.62
2025-09-17 06:00:00,28.0,18.410016532697867,19.917482,22.88
2025-09-17 07:00:00,35.0,27.971402328372466,32.50905,29.44
2025-09-17 08:00:00,45.0,33.89997117897209,37.922398,37.55
2025-09-17 09:00:00,67.0,40.58493548520676,41.49044,52.43
2025-09-17 10:00:00,64.0,45.48818097574925,54.793888,58.24
2025-09-17 11:00:00,39.0,45.241043642307154,50.89949,48.68
2025-09-17 12:00:00,64.0,32.01640733488576,27.654583,56.58
2025-09-17 13:00:00,34.0,40.526720774798484,51.11824,45.68
2025-09-17 14:00:00,17.0,29.041757618829628,23.465776,31.48
2025-09-17 15:00:00,25.0,20.938623372400997,21.8234,28.24
2025-09-17 16:00:00,24.0,26.29361470172452,26.571693,26.47
2025-09-17 17:00:00,23.0,21.556988766877126,22.216694,25.03
2025-09-17 18:00:00,27.0,21.76623340448217,21.500679,26.16
2025-09-17 19:00:00,27.0,25.809301054353156,26.53459,26.85
2025-09-17 20:00:00,18.0,26.23228951149424,27.324612,22.78
2025-09-17 21:00:00,17.0,20.11818763232858,19.940722,20.16
2025-09-17 22:00:00,21.0,20.456620979545775,20.531357,20.58
2025-09-17 23:00:00,21.0,22.074183094983777,22.13537,20.93
2025-09-18 00:00:00,22.0,21.767588132154046,21.283194,21.89
2025-09-18 01:00:00,23.0,21.849587622166187,22.682398,22.35
2025-09-18 02:00:00,26.0,22.303358030417296,23.650116,23.96
2025-09-18 03:00:00,3.0,24.011419600880338,20.996487,13.85
2025-09-18 04:00:00,8.0,11.868876900466455,6.242023,11.28
2025-09-18 05:00:00,7.0,10.265295565608433,9.733745,9.5
2025-09-18 06:00:00,12.0,9.62930029399357,9.513281,11.19
2025-09-18 07:00:00,18.0,15.059693099646497,17.408163,14.81
2025-09-18 08:00:00,23.0,21.367700488868586,21.687206,18.93
2025-09-18 09:00:00,34.0,23.257184161979815,25.464987,26.89
2025-09-18 10:00:00,33.0,29.51759047833671,30.681627,30.3
2025-09-18 11:00:00,30.0,30.574272949263367,29.594492,30.31
2025-09-18 12:00:00,19.0,25.765787893292355,26.021313,25.01
2025-09-18 13:00:00,17.0,17.94407188435191,16.68632,21.29
2025-09-18 14:00:00,15.0,16.940717740709154,20.67994,18.56
2025-09-18 15:00:00,19.0,15.79861374772497,15.177654,19.22
2025-09-18 16:00:00,13.0,18.68324141855764,19.7729,16.4
2025-09-18 17:00:00,17.0,15.070926155733746,16.021345,16.99
2025-09-18 18:00:00,20.0,17.422766816363477,18.191963,18.57
2025-09-18 19:00:00,15.0,19.2104212282192,19.555588,16.86
2025-09-18 20:00:00,15.0,16.19871753247376,17.01422,15.93
2025-09-18 21:00:00,10.0,16.24788568853145,16.033503,13.12
2025-09-18 22:00:00,18.0,12.192069965416342,12.397409,15.56
2025-09-18 23:00:00,17.0,17.18886890380839,17.437346,16.67
2025-09-19 00:00:00,17.0,16.97514628495296,17.225945,16.83
2025-09-19 01:00:00,18.0,17.797430166509873,16.753025,17.84
2025-09-19 02:00:00,26.0,18.62841290931379,18.742342,22.26
2025-09-19 03:00:00,8.0,21.111075239057932,17.168406,15.21
2025-09-19 04:00:00,14.0,11.411446633727154,9.000618,15.03
2025-09-19 05:00:00,14.0,14.3555977136054,13.995838,14.59
2025-09-19 06:00:00,16.0,15.960642306097943,15.910761,15.52
2025-09-19 07:00:00,25.0,18.911703098588927,19.677881,20.34
2025-09-19 08:00:00,26.0,24.399272218279744,28.469975,23.32
2025-09-19 09:00:00,30.0,26.331706445635312,26.695374,26.76
2025-09-19 10:00:00,40.0,26.940251910933295,28.12098,33.64
2025-09-19 11:00:00,26.0,31.666665927901562,34.77382,30.19
2025-09-19 12:00:00,30.0,24.174167094330556,23.713213,30.38
2025-09-19 13:00:00,26.0,27.262067375930393,29.41006,28.68
2025-09-19 14:00:00,21.0,24.96727913199452,25.650208,24.98
2025-09-19 15:00:00,23.0,20.138003635183665,20.96574,24.07
2025-09-19 16:00:00,24.0,22.009669908807304,22.658733,24.18
2025-09-19 17:00:00,26.0,22.517822613231665,22.756319,25.24
2025-09-19 18:00:00,26.0,25.2450469258666,25.338448,25.85
2025-09-19 19:00:00,17.0,23.93319626679556,23.853226,21.87
2025-09-19 20:00:00,19.0,17.691409081539724,17.7469,20.56
2025-09-19 21:00:00,30.0,20.417855583197476,19.698929,25.52
2025-09-19 22:00:00,14.0,26.64354977304903,26.933886,20.11
2025-09-19 23:00:00,12.0,16.63280136425745,16.787447,16.11
2025-09-20 00:00:00,7.0,14.735764436363302,14.1085005,11.55
2025-09-20 01:00:00,9.0,9.397486019462958,7.3103724,10.38
2025-09-20 02:00:00,21.0,11.128904439259497,10.467478,15.91
2025-09-20 03:00:00,17.0,15.880368363718286,15.257095,16.81
2025-09-20 04:00:00,14.0,15.140468231444505,13.236626,15.89
2025-09-20 05:00:00,8.0,14.718818267068574,14.1700535,12.01
2025-09-20 06:00:00,3.0,11.098573954413808,10.982766,7.99
2025-09-20 07:00:00,9.0,8.71573334207585,7.887157,8.92
2025-09-20 08:00:00,8.0,13.698705345545415,13.889572,8.89
2025-09-20 09:00:00,8.0,11.671764002225874,10.731931,8.44
2025-09-20 10:00:00,8.0,12.657157376952657,13.971181,8.22
2025-09-20 11:00:00,9.0,10.70474904860403,8.4979725,8.95
2025-09-20 12:00:00,19.0,10.850650397089181,9.84145,14.13
2025-09-20 13:00:00,15.0,14.573679940822142,15.8378935,14.7
2025-09-20 14:00:00,16.0,12.61468349942161,12.4103775,15.63
2025-09-20 15:00:00,13.0,14.40088012565149,14.074995,14.6
2025-09-20 16:00:00,11.0,13.897359602016852,12.768347,13.02
2025-09-20 17:00:00,15.0,13.146611275757381,12.897691,14.24
2025-09-20 18:00:00,23.0,15.513296198025229,15.758059,18.76
2025-09-20 19:00:00,18.0,21.729807850103253,22.570202,18.59
2025-09-20 20:00:00,16.0,17.976604429903666,18.47328,17.31
2025-09-20 21:00:00,22.0,17.588866441249326,18.661985,19.87
2025-09-20 22:00:00,24.0,21.23127586968268,21.478115,22.07
2025-09-20 23:00:00,19.0,22.76455587051748,21.25919,20.75
2025-09-21 00:00:00,15.0,18.724007173719762,18.718422,18.16
2025-09-21 01:00:00,13.0,16.361007909860003,15.014552,15.95
2025-09-21 02:00:00,17.0,14.495728143661877,14.300206,16.68
2025-09-21 03:00:00,13.0,16.27045013455763,15.819838,15.05
2025-09-21 04:00:00,10.0,14.61444945050612,13.837394,12.52
2025-09-21 05:00:00,10.0,12.092350392580123,10.901449,11.55
2025-09-21 06:00:00,14.0,12.747934950979921,12.328532,12.92
2025-09-21 07:00:00,16.0,15.827790909390066,17.405222,14.83
2025-09-21 08:00:00,21.0,16.95231853545653,19.816818,17.91
2025-09-21 09:00:00,20.0,19.175809607216184,20.995176,19.38
2025-09-21 10:00:00,19.0,17.116339777102542,16.507788,19.62
2025-09-21 11:00:00,22.0,14.16739386931619,14.119555,21.28
2025-09-21 12:00:00,43.0,18.965725064535828,18.133694,32.17
2025-09-21 13:00:00,17.0,29.894975769029557,32.048042,24.96
2025-09-21 14:00:00,9.0,16.76206347409724,15.677294,17.33
2025-09-21 15:00:00,8.0,12.743547802551468,10.245935,12.88
2025-09-21 16:00:00,10.0,10.336298775106002,9.919469,11.73
2025-09-21 17:00:00,8.0,11.983126697331281,12.14927,10.15
2025-09-21 18:00:00,11.0,10.458735293322242,10.144382,10.93
2025-09-21 19:00:00,9.0,11.903576143516018,12.786469,10.39
2025-09-21 20:00:00,10.0,11.294432403172037,11.997653,10.21
2025-09-21 21:00:00,15.0,12.602905879776474,12.23791,12.82
2025-09-21 22:00:00,12.0,15.706217731238736,15.739531,12.76
2025-09-21 23:00:00,18.0,13.997173271847318,13.747881,15.65
2025-09-22 00:00:00,28.0,15.716427461791726,16.626028,21.96
2025-09-22 01:00:00,29.0,22.324336195662564,22.33008,25.84
2025-09-22 02:00:00,27.0,25.498630999615752,24.881926,26.85
2025-09-22 03:00:00,26.0,25.091156528697606,24.01106,26.86
2025-09-22 04:00:00,25.0,24.690121171805643,23.853512,26.15
2025-09-22 05:00:00,23.0,25.17542331037831,24.52989,24.71
2025-09-22 06:00:00,31.0,24.659793339165162,25.564987,28.07
2025-09-22 07:00:00,35.0,32.03098471791824,33.120792,31.88
2025-09-22 08:00:00,45.0,36.40617966093851,40.49601,38.8
2025-09-22 09:00:00,44.0,41.676044096312644,40.975483,41.55
2025-09-22 10:00:00,42.0,37.974939201895545,41.108204,41.81
2025-09-22 11:00:00,16.0,35.07465682098727,33.582783,29.13
2025-09-22 12:00:00,7.0,23.472329945079334,22.447498,18.06
2025-09-22 13:00:00,6.0,15.298935531778794,11.923601,12.46
2025-09-22 14:00:00,7.0,11.680360159174944,10.289041,9.74
2025-09-22 15:00:00,12.0,11.12253589777509,10.148087,11.22
2025-09-22 16:00:00,13.0,14.534484462876271,15.151231,12.5
2025-09-22 17:00:00,29.0,14.205937386220613,14.0258665,21.04
2025-09-22 18:00:00,26.0,20.37368550978183,21.865885,23.95
2025-09-22 19:00:00,27.0,22.261744501654338,20.989717,25.48
2025-09-22 20:00:00,35.0,25.052507858882336,25.816324,30.26
2025-09-22 21:00:00,45.0,32.135165087242164,31.966257,38.0
2025-09-22 22:00:00,36.0,37.01423794269547,39.158363,37.34
2025-09-22 23:00:00,28.0,35.31898391130895,36.566715,32.88
2025-09-23 00:00:00,22.0,28.629205240838644,27.941023,27.54
2025-09-23 01:00:00,8.0,24.915804037700394,23.803503,17.89
2025-09-23 02:00:00,25.0,16.841117036447898,11.540625,21.71
2025-09-23 03:00:00,11.0,22.61070825986136,23.485405,16.57
2025-09-23 04:00:00,14.0,14.640354474538821,10.973776,15.71
2025-09-23 05:00:00,17.0,15.438777535586473,14.773371,16.38
2025-09-23 06:00:00,2.0,18.70442740249253,19.716288,9.65
2025-09-23 07:00:00,28.0,11.465406445391645,7.9630733,19.2
2025-09-23 08:00:00,38.0,26.819655255517382,39.242695,28.75
2025-09-23 09:00:00,60.0,30.984789497407274,36.746426,44.51
2025-09-23 10:00:00,25.0,42.1527629138306,50.093422,25.46
2025-09-23 12:00:00,36.0,23.968187345361773,20.25999,49.96
2025-09-23 13:00:00,26.0,27.977968531020043,25.326733,38.28
2025-09-23 14:00:00,23.0,24.844746184591674,23.308409,30.79
2025-09-23 15:00:00,18.0,22.21704225245995,20.406267,24.61
2025-09-23 16:00:00,15.0,17.995553789326546,18.18492,19.95
2025-09-23 17:00:00,18.0,14.310886268028863,14.817254,19.32
2025-09-23 18:00:00,34.0,17.03193958676632,18.510077,26.69
2025-09-23 19:00:00,58.0,29.472767186682187,29.419535,42.62
2025-09-23 20:00:00,18.0,39.60881989316999,45.205612,30.6
2025-09-23 21:00:00,16.0,23.738547441201405,20.187796,23.78
2025-09-23 22:00:00,22.0,21.804247466615916,21.661085,23.11
2025-09-23 23:00:00,18.0,22.47086575629413,20.38644,20.98
2025-09-24 00:00:00,18.0,19.674783120853714,20.09336,19.7
2025-09-24 01:00:00,22.0,19.932381529825097,18.075321,20.98
2025-09-24 02:00:00,27.0,20.905660180974877,21.014591,24.09
2025-09-24 03:00:00,10.0,23.306349676131802,19.76013,17.32
2025-09-24 04:00:00,13.0,13.648991357057712,10.888756,15.59
2025-09-24 05:00:00,13.0,14.23210115151459,13.624802,14.3
2025-09-24 06:00:00,13.0,15.15529936477309,15.273074,14.0
2025-09-24 07:00:00,18.0,14.945156523649208,14.589501,16.2
2025-09-24 08:00:00,22.0,20.34114583133459,22.047955,19.45
2025-09-24 09:00:00,29.0,20.31750269702584,21.179178,24.54
2025-09-24 10:00:00,8.0,25.318533787320433,29.252151,16.7
2025-09-24 11:00:00,8.0,10.431015086351234,8.660091,12.77
2025-09-24 12:00:00,13.0,9.561407163775185,9.789433,13.03
2025-09-24 13:00:00,9.0,11.396779184845746,11.462172,11.3
2025-09-24 14:00:00,12.0,9.578758655713429,8.706774,11.87
2025-09-24 15:00:00,8.0,11.728850361192967,12.7876425,10.36
2025-09-24 16:00:00,8.0,8.83576282352871,8.854564,9.25
2025-09-24 17:00:00,8.0,8.905247174681138,9.375018,8.98
2025-09-24 18:00:00,7.0,9.950116586490733,9.288025,8.27
2025-09-24 19:00:00,11.0,10.463483132072536,12.06601,9.99
2025-09-24 20:00:00,16.0,12.051861385948104,13.248079,12.99
2025-09-24 21:00:00,15.0,14.384486294428774,14.272796,14.21
2025-09-24 22:00:00,12.0,14.449403572131123,14.622747,13.6
2025-09-24 23:00:00,19.0,13.836277592213117,13.07584,16.51
2025-09-25 00:00:00,20.0,15.850573029945073,15.715555,18.41
2025-09-25 01:00:00,10.0,18.71604354212477,18.043621,14.63
2025-09-25 02:00:00,14.0,12.718046950555628,11.8044195,14.68
2025-09-25 03:00:00,8.0,13.856898799949798,11.939889,11.54
2025-09-25 04:00:00,15.0,10.097242281158568,8.609991,13.71
2025-09-25 05:00:00,9.0,14.355545785258046,13.429938,11.85
2025-09-25 06:00:00,15.0,11.4494106245997,12.340542,13.71
2025-09-25 07:00:00,14.0,16.74547356968081,17.869017,14.27
2025-09-25 08:00:00,13.0,17.281526023955973,17.131731,11.56
2025-09-25 09:00:00,19.0,15.05359728768919,16.42844,15.71
2025-09-25 10:00:00,14.0,14.157531273229893,15.580305,15.31
2025-09-25 11:00:00,11.0,11.093345423069122,11.48677,13.33
2025-09-25 12:00:00,12.0,10.082730179238878,10.3626,13.07
2025-09-25 13:00:00,11.0,11.206541748380518,10.76659,12.34
2025-09-25 14:00:00,10.0,9.85597837540457,9.531063,11.63
2025-09-25 15:00:00,17.0,9.309519092684118,9.882927,14.52
2025-09-25 16:00:00,4.0,13.361530608974793,13.607536,6.51
2025-09-25 17:00:00,9.0,7.668583432076165,6.7746506,8.18
2025-09-25 18:00:00,9.0,9.558279628210297,9.948628,9.01
2025-09-25 19:00:00,14.0,9.559763732285624,9.410001,11.94
2025-09-25 20:00:00,14.0,13.413402882511946,13.852397,13.25
2025-09-25 21:00:00,17.0,13.599049172419805,14.609505,15.41
2025-09-25 22:00:00,15.0,15.648894112588907,15.814547,15.35
2025-09-25 23:00:00,17.0,15.063772385356277,14.419163,16.67
2025-09-26 00:00:00,22.0,16.850642587774907,15.190933,19.35
2025-09-26 01:00:00,11.0,20.294105649004557,19.425486,15.31
2025-09-26 02:00:00,20.0,13.284871866346856,13.645006,17.79
2025-09-26 03:00:00,26.0,17.617389525396533,16.856297,22.19
2025-09-26 04:00:00,17.0,22.350548064964997,20.907288,19.89
2025-09-26 05:00:00,15.0,17.31224965754529,16.413895,17.87
2025-09-26 06:00:00,23.0,18.165165364062045,19.353518,20.49
2025-09-26 07:00:00,36.0,22.48472023655336,25.261314,28.25
2025-09-26 08:00:00,37.0,33.8888150373311,39.312794,32.69
2025-09-26 09:00:00,44.0,35.545832411464296,34.531155,38.63
2025-09-26 10:00:00,42.0,34.39978789934801,36.008602,40.72
2025-09-26 11:00:00,10.0,31.921964551925452,30.250378,25.58
2025-09-26 12:00:00,7.0,15.77357465461612,8.388756,16.29
2025-09-26 13:00:00,7.0,10.58504996521401,8.009155,11.64
2025-09-26 14:00:00,7.0,9.536307949764948,8.538499,9.39
2025-09-26 15:00:00,8.0,9.881089848567216,10.83826,8.76
2025-09-26 16:00:00,9.0,10.233917803922786,11.415989,9.3
2025-09-26 17:00:00,13.0,9.787020281023246,10.06313,11.38
2025-09-26 18:00:00,5.0,11.817000605806822,12.0804615,8.46
2025-09-26 19:00:00,16.0,8.238146302751904,6.419096,12.57
2025-09-26 20:00:00,26.0,14.690899160205605,15.094738,19.43
2025-09-26 21:00:00,21.0,21.549792389792966,24.299162,20.57
2025-09-26 22:00:00,19.0,20.65398834015435,20.168074,19.93
2025-09-26 23:00:00,15.0,17.727504367664398,18.174805,17.61
2025-09-27 00:00:00,17.0,15.017003980402741,14.5940275,17.66
2025-09-27 01:00:00,20.0,16.247291352803153,15.984743,18.91
2025-09-27 02:00:00,9.0,20.00793380527745,20.566238,14.17
2025-09-27 03:00:00,12.0,12.749985404280046,11.229123,13.22
2025-09-27 04:00:00,14.0,13.499157363512298,12.816789,13.96
2025-09-27 05:00:00,18.0,14.541388840325451,12.975536,16.41
2025-09-27 06:00:00,17.0,18.550491285712923,19.38128,16.72
2025-09-27 07:00:00,11.0,20.059482304559385,21.990875,14.35
2025-09-27 08:00:00,18.0,16.306193041431037,16.044495,16.52
2025-09-27 09:00:00,23.0,18.32463661653553,23.101192,20.25
2025-09-27 10:00:00,29.0,21.098247639166782,22.738724,24.78
2025-09-27 11:00:00,23.0,23.417348209395037,24.857767,24.33
2025-09-27 12:00:00,15.0,18.2785645088941,16.372519,19.82
2025-09-27 13:00:00,5.0,13.479911771469675,12.22748,12.62
2025-09-27 14:00:00,10.0,8.203399754193605,6.726922,11.36
2025-09-27 15:00:00,22.0,12.136866650891593,11.508849,16.9
2025-09-27 16:00:00,19.0,17.645929019122452,18.159538,18.16
2025-09-27 17:00:00,21.0,17.363607238820766,18.357254,19.94
2025-09-27 18:00:00,19.0,18.509345904092534,17.906582,19.62
2025-09-27 19:00:00,15.0,17.016190590469908,16.53009,17.45
2025-09-27 20:00:00,17.0,16.065331395920794,15.92431,17.72
2025-09-27 21:00:00,25.0,18.3451663418651,18.718287,21.63
2025-09-27 22:00:00,33.0,24.60456631081948,25.269852,27.47
2025-09-27 23:00:00,21.0,28.935788711853192,28.261576,24.67
2025-09-28 00:00:00,15.0,21.60366574922476,20.160881,20.05
2025-09-28 01:00:00,19.0,15.837851922233739,15.31439,19.73
2025-09-28 02:00:00,26.0,18.589435650289754,17.802776,22.88
2025-09-28 03:00:00,14.0,22.17800846075395,18.798727,18.86
2025-09-28 04:00:00,19.0,15.829452436936883,14.403312,19.36
2025-09-28 05:00:00,19.0,20.0152093477001,19.146578,19.18
2025-09-28 06:00:00,19.0,19.14611120873846,19.215336,19.23
2025-09-28 07:00:00,21.0,20.254288894383535,21.330341,20.47
2025-09-28 08:00:00,27.0,23.977432821499857,25.06842,24.15
2025-09-28 09:00:00,39.0,27.030589979310903,27.129925,31.65
2025-09-28 10:00:00,38.0,34.08757700763083,36.64055,35.19
2025-09-28 11:00:00,30.0,30.150998491246373,33.043697,33.03
2025-09-28 12:00:00,27.0,26.23379721274075,26.80355,30.25
2025-09-28 13:00:00,11.0,23.612109938579874,25.089943,20.84
2025-09-28 14:00:00,7.0,14.295482579507938,11.701586,14.28
2025-09-28 15:00:00,6.0,11.395430082503468,8.667706,10.14
2025-09-28 16:00:00,6.0,9.256076075520642,11.754698,8.07
2025-09-28 17:00:00,7.0,8.671380170489348,8.354827,7.73
2025-09-28 18:00:00,15.0,10.845351784697051,9.960371,11.45
2025-09-28 19:00:00,10.0,14.105974979177498,14.732655,11.21
2025-09-28 20:00:00,16.0,12.581888780569926,11.902726,13.89
2025-09-28 21:00:00,14.0,15.475883590081411,16.352884,13.94
2025-09-28 22:00:00,14.0,16.102250313641765,16.822105,14.04
2025-09-28 23:00:00,15.0,16.182964701902804,15.269601,14.73
2025-09-29 00:00:00,17.0,14.04037743902035,14.428367,16.29
2025-09-29 01:00:00,17.0,15.945826043929161,14.89207,16.72
2025-09-29 02:00:00,18.0,18.663261893754633,18.013386,17.64
2025-09-29 03:00:00,22.0,16.14874382422319,14.288165,19.96
2025-09-29 04:00:00,23.0,20.59598201628348,18.48561,21.7
2025-09-29 05:00:00,21.0,21.55335298351029,21.165346,21.7
2025-09-29 06:00:00,31.0,22.646860295793694,22.702242,26.5
2025-09-29 07:00:00,28.0,30.150632451672493,31.492577,27.59
2025-09-29 08:00:00,38.0,30.112259898446265,30.767761,33.09
2025-09-29 09:00:00,34.0,37.04773692872805,41.91848,33.84
2025-09-29 10:00:00,31.0,30.894774971052318,33.511974,32.45
2025-09-29 11:00:00,61.0,27.480271730912502,29.042452,47.02
2025-09-29 12:00:00,55.0,40.52466735092494,46.260517,51.05
2025-09-29 13:00:00,53.0,41.04682374006593,44.86965,52.34
2025-09-29 15:00:00,50.0,39.421415922932184,42.000668,81.64
2025-09-29 16:00:00,29.0,41.79042042997302,42.467285,55.62
2025-09-29 17:00:00,21.0,26.40404274490667,22.546986,38.59
2025-09-29 18:00:00,24.0,21.951198479745415,21.909332,31.37
2025-09-29 19:00:00,20.0,23.48687695017084,23.842155,25.75
2025-09-29 20:00:00,25.0,21.566677369846197,21.690886,25.39
2025-09-29 21:00:00,13.0,24.72498501573643,27.013794,19.61
2025-09-29 22:00:00,18.0,15.74228740840467,15.199052,19.23
2025-09-29 23:00:00,18.0,19.068733940839067,18.261831,18.89
2025-09-30 00:00:00,21.0,17.62375705041922,17.762592,20.23
2025-09-30 01:00:00,19.0,20.711186723194885,18.36984,19.61
2025-09-30 02:00:00,17.0,19.325501381473643,19.29587,18.58
2025-09-30 03:00:00,8.0,16.76187704306193,15.19786,13.72
2025-09-30 04:00:00,8.0,11.002449806071656,10.274841,10.93
2025-09-30 05:00:00,9.0,9.604304397586436,8.9214735,10.24
2025-09-30 06:00:00,13.0,12.652725364360967,12.030475,11.62
2025-09-30 07:00:00,12.0,15.187202742059998,17.421963,11.89
2025-09-30 08:00:00,8.0,14.767764756530648,16.204977,10.28
2025-09-30 09:00:00,18.0,12.034617272628184,11.233423,14.15
2025-09-30 10:00:00,11.0,17.672785148471906,18.842857,12.72
2025-09-30 11:00:00,7.0,13.003652576046063,12.643178,10.07
2025-09-30 12:00:00,10.0,10.739807726509422,13.851937,10.17
2025-09-30 13:00:00,11.0,12.344317842406028,10.850622,10.95
2025-09-30 14:00:00,11.0,13.082804728514061,13.33923,11.03
2025-09-30 15:00:00,18.0,14.49275573390957,17.760956,14.87
2025-09-30 16:00:00,23.0,18.58635234927398,18.973415,19.22
2025-09-30 17:00:00,25.0,20.85025424710366,23.319866,22.55
2025-09-30 18:00:00,17.0,22.809776059085596,23.034561,20.21
2025-09-30 19:00:00,11.0,16.716508140845686,16.718327,16.03
2025-09-30 20:00:00,16.0,14.528880771750552,14.689808,16.23
2025-09-30 21:00:00,14.0,16.113988095169077,15.770988,15.25
2025-09-30 22:00:00,20.0,14.919268625219345,15.52354,18.06
2025-09-30 23:00:00,14.0,20.078334196663075,21.195826,16.31
2025-10-01 00:00:00,17.0,14.668493761630655,12.893631,16.81
2025-10-01 01:00:00,12.0,16.87216650295806,15.320933,14.83
2025-10-01 02:00:00,12.0,13.477640443597759,13.66195,13.49
2025-10-01 03:00:00,13.0,12.54468649545717,10.522882,13.31
2025-10-01 04:00:00,13.0,13.258509871071,11.136126,13.3
2025-10-01 05:00:00,9.0,13.03745650663278,11.746477,11.64
2025-10-01 06:00:00,17.0,11.404793603470385,11.314943,14.52
2025-10-01 07:00:00,26.0,17.447945614839398,17.840712,20.47
2025-10-01 08:00:00,28.0,23.189991487445717,26.499525,24.46
2025-10-01 09:00:00,22.0,23.66499261228469,25.633358,23.68
2025-10-01 10:00:00,13.0,17.224278673990742,15.656778,8.56
2025-10-01 11:00:00,11.0,11.835657856002584,11.38739,9.9
2025-10-01 12:00:00,9.0,9.964728725966598,8.386791,
2025-10-01 13:00:00,12.0,9.270938535800529,8.271868,14.6
2025-10-01 14:00:00,10.0,11.321664732293696,10.888039,12.58
2025-10-01 15:00:00,13.0,9.842113453342916,8.923219,13.08
2025-10-01 16:00:00,10.0,12.607559425601032,11.866998,11.97
2025-10-01 17:00:00,10.0,10.551810672121263,10.816217,11.27
2025-10-01 18:00:00,13.0,10.702618573356794,10.437687,12.56
2025-10-01 19:00:00,13.0,12.714128398237373,11.722722,13.05
2025-10-01 20:00:00,17.0,12.652885363452354,12.491074,15.23
2025-10-01 21:00:00,20.0,16.051173920360185,15.117434,17.9
2025-10-01 22:00:00,22.0,18.637537218964447,19.154104,20.25
2025-10-01 23:00:00,13.0,21.33252864150018,19.93513,17.05
2025-10-02 00:00:00,12.0,13.579495310365624,12.475803,14.75
2025-10-02 01:00:00,9.0,13.106619681392715,11.685801,11.87
2025-10-02 02:00:00,9.0,10.548787716492837,9.8340435,10.51
2025-10-02 03:00:00,10.0,10.156626642930659,9.538427,10.32
2025-10-02 04:00:00,11.0,10.939655311908142,10.386113,10.8
2025-10-02 05:00:00,12.0,11.169233843066342,10.869803,11.83
2025-10-02 06:00:00,12.0,13.525205617805714,14.230601,12.34
2025-10-02 07:00:00,19.0,15.411381552581739,16.443026,16.01
2025-10-02 08:00:00,30.0,21.214026170430742,22.17467,23.15
2025-10-02 09:00:00,32.0,25.355224645944595,27.550224,28.0
2025-10-02 10:00:00,35.0,24.064905239955692,22.75714,31.74
2025-10-02 11:00:00,18.0,25.264319927373716,26.158432,24.89
2025-10-02 12:00:00,6.0,15.568266172115324,11.329462,15.65
2025-10-02 13:00:00,9.0,9.615584358742103,6.3909726,12.33
2025-10-02 14:00:00,8.0,9.678915126070722,9.13982,10.45
2025-10-02 15:00:00,6.0,9.516306652241893,8.709976,8.72
2025-10-02 16:00:00,12.0,7.58008080453087,6.5321975,10.51
2025-10-02 17:00:00,8.0,11.085795086578072,11.241218,9.25
2025-10-02 18:00:00,8.0,8.987673421647386,8.783729,8.84
2025-10-02 19:00:00,12.0,9.413474935263526,9.172533,10.48
2025-10-02 20:00:00,19.0,11.874677203111714,12.286235,15.02
2025-10-02 21:00:00,22.0,17.74246079344323,16.699167,18.66
2025-10-02 22:00:00,18.0,20.901439793912903,21.778786,18.33
2025-10-02 23:00:00,18.0,16.58445831913142,16.695074,18.44
2025-10-03 00:00:00,21.0,15.342510473990693,16.26147,20.01
2025-10-03 01:00:00,17.0,20.366970410294968,19.272968,18.8
2025-10-03 02:00:00,9.0,17.155155964724514,17.667706,13.97
2025-10-03 03:00:00,9.0,11.743283061208606,10.737811,11.78
2025-10-03 04:00:00,7.0,10.035482720654697,8.893761,9.6
2025-10-03 05:00:00,10.0,8.651527502927289,7.450065,9.8
2025-10-03 06:00:00,10.0,13.008059482990513,12.71335,10.04
2025-10-03 07:00:00,12.0,12.938016401268614,14.042643,11.44
2025-10-03 08:00:00,18.0,15.558819336355208,17.385065,14.72
2025-10-03 09:00:00,17.0,18.165517518436918,18.42214,16.22
2025-10-03 10:00:00,15.0,16.779454956378057,14.858977,15.97
2025-10-03 11:00:00,13.0,13.606584838623059,11.168903,14.56
2025-10-03 12:00:00,7.0,10.947162939207677,10.114299,11.07
2025-10-03 13:00:00,6.0,7.622856041495844,7.139392,8.81
2025-10-03 14:00:00,15.0,6.5020690328465065,5.899956,11.98
2025-10-03 15:00:00,10.0,12.554831531451926,12.658023,11.2
2025-10-03 16:00:00,12.0,10.527358123197555,10.721544,11.96
2025-10-03 17:00:00,11.0,12.55936959862321,12.198256,11.76
2025-10-03 18:00:00,15.0,11.470084252478713,11.628467,13.45
2025-10-03 19:00:00,16.0,14.659493305526302,14.105793,15.01
2025-10-03 20:00:00,20.0,15.603251949073083,16.677555,17.64
2025-10-03 21:00:00,23.0,18.755096642945198,20.988802,20.53
2025-10-03 22:00:00,31.0,22.680664389856265,23.076519,26.19
2025-10-03 23:00:00,29.0,27.54805972725721,26.521763,27.97
2025-10-04 00:00:00,23.0,25.215529434939928,24.88611,25.55
2025-10-04 01:00:00,30.0,23.083928596644387,23.251163,27.99
2025-10-04 02:00:00,31.0,25.993828671726156,27.048159,29.72
2025-10-04 03:00:00,22.0,28.93893517964831,26.501028,25.93
2025-10-04 04:00:00,22.0,24.14858889285593,21.643517,24.33
2025-10-04 05:00:00,24.0,22.660825425753288,22.275343,24.21
2025-10-04 06:00:00,41.0,24.992384859258692,24.487988,32.84
2025-10-04 07:00:00,35.0,36.89712945466681,41.985886,34.11
2025-10-04 08:00:00,51.0,38.84283422366678,40.04025,43.02
2025-10-04 09:00:00,25.0,44.47799827606245,49.555862,34.45
2025-10-04 10:00:00,21.0,26.169635852108396,25.059883,27.92
2025-10-04 11:00:00,32.0,18.747055758380668,18.072262,30.2
2025-10-04 12:00:00,11.0,29.57003528190938,29.22995,20.81
2025-10-04 13:00:00,13.0,13.862524776556862,11.34945,16.98
2025-10-04 14:00:00,7.0,14.289618510305411,15.204205,12.28
2025-10-04 15:00:00,5.0,8.800093729048902,8.394653,8.78
2025-10-04 16:00:00,7.0,8.076514665886636,7.8790193,8.31
2025-10-04 17:00:00,16.0,9.729264421133323,9.3578615,12.2
2025-10-04 18:00:00,33.0,12.993674560052398,13.209255,22.69
2025-10-04 19:00:00,21.0,22.581083009538048,24.845915,21.92
2025-10-04 20:00:00,15.0,21.1665319356175,23.798979,18.81
2025-10-04 21:00:00,15.0,16.411274859772078,16.771818,17.11
2025-10-04 22:00:00,23.0,18.03718887777463,16.42236,20.34
2025-10-04 23:00:00,19.0,21.620139185877004,21.393082,20.11
2025-10-05 00:00:00,12.0,19.717460245031837,20.42105,16.13
2025-10-05 01:00:00,8.0,14.642546582441348,14.486081,12.13
2025-10-05 02:00:00,13.0,11.1965394231198,9.92309,13.0
2025-10-05 03:00:00,7.0,12.910314713473662,10.913084,10.0
2025-10-05 04:00:00,7.0,8.285239621847264,7.027512,8.5
2025-10-05 05:00:00,7.0,8.700171047286776,8.035068,8.1
2025-10-05 06:00:00,12.0,11.369704490464875,13.942758,10.26
2025-10-05 07:00:00,15.0,13.962135543416077,17.0798,12.63
2025-10-05 08:00:00,14.0,18.393343225252732,19.30879,13.46
2025-10-05 09:00:00,10.0,14.888471111399891,14.280582,11.8
2025-10-05 10:00:00,10.0,10.083935228532443,9.57309,11.26
2025-10-05 11:00:00,8.0,10.283086011444372,8.974144,9.92
2025-10-05 12:00:00,6.0,7.516979677356527,7.7967267,7.96
2025-10-05 13:00:00,5.0,6.612402885877812,5.6894765,6.91
2025-10-05 14:00:00,5.0,5.265758253293018,5.301823,5.95
2025-10-05 15:00:00,4.0,5.442626633672189,5.639581,5.34
2025-10-05 16:00:00,3.0,6.367501470042537,6.5719805,4.24
2025-10-05 17:00:00,4.0,5.5661801707164145,5.5181584,4.33
2025-10-05 18:00:00,7.0,6.56091496753911,5.811292,5.73
2025-10-05 19:00:00,8.0,7.7199664964788814,8.240786,7.08
2025-10-05 20:00:00,11.0,8.426803941412272,8.726118,9.39
2025-10-05 21:00:00,16.0,12.527937004247518,12.795258,12.91
2025-10-05 22:00:00,18.0,15.70777527902705,15.759317,15.67
2025-10-05 23:00:00,15.0,18.080468274259324,17.908897,15.62
2025-10-06 00:00:00,18.0,14.655858929284664,14.510609,17.03
2025-10-06 01:00:00,15.0,15.051569565027448,16.537384,16.16
2025-10-06 02:00:00,16.0,15.81410114182025,15.875396,16.51
2025-10-06 03:00:00,16.0,15.095905670438636,14.244772,16.47
2025-10-06 04:00:00,18.0,16.123680031648153,15.426321,17.45
2025-10-06 05:00:00,16.0,16.005922757271744,15.926853,16.79
2025-10-06 06:00:00,23.0,18.223053092524445,17.97931,20.32
2025-10-06 07:00:00,30.0,22.084394319929398,24.983858,25.22
2025-10-06 08:00:00,38.0,29.425993428752268,33.244354,31.82
2025-10-06 09:00:00,45.0,32.713596334809424,36.56902,38.85
2025-10-06 10:00:00,36.0,36.974407968527096,36.435143,37.87
2025-10-06 11:00:00,22.0,30.318054814745615,28.06909,30.38
2025-10-06 12:00:00,16.0,20.09567762621722,19.447134,23.26
2025-10-06 13:00:00,15.0,18.07814928134813,19.296228,19.22
2025-10-06 14:00:00,5.0,15.383105323538016,17.806807,12.44
2025-10-06 15:00:00,16.0,10.161981504582993,8.09936,14.57
2025-10-06 16:00:00,21.0,16.893457439310943,17.776838,18.07
2025-10-06 17:00:00,26.0,19.737255646295836,21.750984,22.17
2025-10-06 18:00:00,32.0,22.78079733378252,23.775183,27.45
2025-10-06 19:00:00,25.0,26.908810477370125,25.866117,26.37
2025-10-06 20:00:00,27.0,24.99464050845556,28.529076,27.1
2025-10-06 21:00:00,34.0,26.672564667721463,26.449608,30.68
2025-10-06 22:00:00,41.0,31.47035600076919,27.791426,36.27
2025-10-06 23:00:00,27.0,35.308189751363116,34.50875,25.33
2025-10-07 00:00:00,33.0,28.82662053965013,28.81178,36.14
2025-10-07 01:00:00,15.0,32.29551324458491,32.12647,25.99
2025-10-07 02:00:00,20.0,20.810968810647452,17.335447,23.22
2025-10-07 03:00:00,14.0,22.668341772117962,21.014557,19.05
2025-10-07 04:00:00,2.0,16.713582745755776,14.805096,10.74
2025-10-07 05:00:00,5.0,10.106235717840526,5.3921757,8.08
2025-10-07 06:00:00,8.0,9.077069759436135,7.0445857,8.11
2025-10-07 07:00:00,9.0,11.404804502682047,10.724738,8.76
2025-10-07 08:00:00,12.0,13.792072793638637,14.336561,10.52
2025-10-07 09:00:00,14.0,14.261225317606455,17.354698,12.68
2025-10-07 10:00:00,21.0,15.718299430934572,16.497643,16.97
2025-10-07 11:00:00,28.0,18.813101131883535,20.41251,22.49
2025-10-07 12:00:00,20.0,21.793828187623408,23.950335,21.26
2025-10-07 13:00:00,9.0,19.237312800966073,18.974129,15.26
2025-10-07 14:00:00,17.0,10.035320175610922,8.290786,16.55
2025-10-07 15:00:00,23.0,15.706348264063521,13.851906,19.78
2025-10-07 16:00:00,22.0,20.422244625054454,21.479782,21.25
2025-10-07 17:00:00,21.0,21.484106820335892,22.238365,21.2
2025-10-07 18:00:00,20.0,22.551734827852314,21.09887,20.9
2025-10-07 19:00:00,12.0,20.57537606556074,19.647825,16.73
2025-10-07 20:00:00,15.0,14.52450758941395,15.014867,16.23
2025-10-07 21:00:00,14.0,17.280653248223093,18.575886,15.53
2025-10-07 22:00:00,20.0,17.50432487999959,17.648731,18.05
2025-10-07 23:00:00,24.0,20.0387390043802,18.729761,21.16
2025-10-08 00:00:00,26.0,22.53281426159354,21.241316,23.58
2025-10-08 01:00:00,27.0,23.84489468547948,24.732784,25.5
2025-10-08 02:00:00,35.0,25.43114878308571,26.057121,30.4
2025-10-08 03:00:00,30.0,30.282781972615272,29.45514,30.35
2025-10-08 04:00:00,26.0,27.04913411903698,26.771082,28.67
2025-10-08 05:00:00,31.0,27.367034907209366,27.695433,30.13
2025-10-08 06:00:00,23.0,30.258561513116483,31.218582,26.71
2025-10-08 07:00:00,26.0,25.593736862413092,24.94155,26.42
2025-10-08 08:00:00,32.0,28.442491600190003,30.660051,29.22
2025-10-08 09:00:00,25.0,32.271640916889716,32.564514,27.3
2025-10-08 10:00:00,19.0,24.218039608241515,25.046715,23.52
2025-10-08 11:00:00,18.0,19.279660327394836,18.48794,20.69
2025-10-08 12:00:00,6.0,16.98441013664292,16.068903,13.64
2025-10-08 13:00:00,10.0,9.342923863089739,6.455758,12.04
2025-10-08 14:00:00,7.0,11.090192560850198,10.675424,9.93
2025-10-08 15:00:00,13.0,8.821886094775197,8.208055,11.54
2025-10-08 16:00:00,13.0,12.51345762926942,12.290255,12.56
2025-10-08 17:00:00,12.0,13.61939810423556,12.833471,12.76
2025-10-08 18:00:00,24.0,13.736189896599738,13.104259,18.81
2025-10-08 19:00:00,24.0,19.79578927087653,21.60597,21.76
2025-10-08 20:00:00,29.0,21.888596536307947,21.87777,25.73
2025-10-08 21:00:00,34.0,26.802199221515153,29.881569,30.08
2025-10-08 22:00:00,37.0,29.68279176410485,27.772772,33.75
2025-10-08 23:00:00,39.0,32.82107621207476,33.535694,36.53
2025-10-09 00:00:00,36.0,35.62145814419449,34.16644,36.4
2025-10-09 01:00:00,41.0,34.672403640265216,34.61339,39.15
2025-10-09 02:00:00,28.0,40.114710885143595,39.311222,33.59
2025-10-09 03:00:00,22.0,30.1924565201555,29.303072,28.15
2025-10-09 04:00:00,27.0,24.976115342764256,23.824724,27.86
2025-10-09 05:00:00,29.0,27.418152536898617,27.112238,28.85
2025-10-09 06:00:00,22.0,29.784173201107528,32.21545,25.65
2025-10-09 07:00:00,31.0,26.56621721546432,26.326958,28.23
2025-10-09 08:00:00,41.0,33.003803492134786,38.11384,34.68
2025-10-09 09:00:00,29.0,36.908580888854246,36.122593,32.26
2025-10-09 10:00:00,34.0,26.01360382229645,26.72589,33.27
2025-10-09 11:00:00,39.0,27.41697054359493,27.79614,36.14
2025-10-09 12:00:00,16.0,29.553222458852147,30.41422,26.25
2025-10-09 13:00:00,11.0,19.028245168913248,18.521212,18.9
2025-10-09 14:00:00,16.0,13.391663302214342,12.505176,17.86
2025-10-09 15:00:00,6.0,16.920597634534296,15.702883,6.51
2025-10-09 16:00:00,28.0,9.515194744597837,8.546845,25.68
2025-10-09 17:00:00,29.0,22.478879177714234,28.437292,27.36
2025-10-09 18:00:00,18.0,24.389796757102435,22.706692,23.02
2025-10-09 19:00:00,26.0,18.411537657764484,18.442745,24.82
2025-10-09 20:00:00,13.0,26.662996341686277,26.492762,19.18
2025-10-09 21:00:00,24.0,16.20708489238345,14.02885,21.65
2025-10-09 22:00:00,29.0,25.36833707968218,24.131529,25.41
2025-10-09 23:00:00,18.0,29.474694344927542,30.104761,21.91
2025-10-10 00:00:00,19.0,18.214019578749966,17.484472,20.83
2025-10-10 01:00:00,11.0,20.141208380461315,19.051983,16.27
2025-10-10 02:00:00,10.0,15.057422902795118,13.763235,13.28
2025-10-10 03:00:00,11.0,12.09700424630479,10.200709,12.28
2025-10-10 04:00:00,7.0,12.63111957250095,11.635312,9.71
2025-10-10 05:00:00,7.0,8.972015146292563,7.633182,8.78
2025-10-10 06:00:00,8.0,8.871906982893323,9.373347,8.52
2025-10-10 07:00:00,15.0,12.387813696329784,11.920945,12.12
2025-10-10 08:00:00,15.0,17.931466993095846,18.629984,13.69
2025-10-10 09:00:00,24.0,15.84579441732308,16.990032,19.05
2025-10-10 10:00:00,31.0,19.71600942723779,19.930954,25.32
2025-10-10 11:00:00,22.0,25.435564564282036,29.50423,23.74
2025-10-10 12:00:00,16.0,18.539725655870058,16.032555,20.16
2025-10-10 13:00:00,14.0,15.121676072351375,14.120498,17.22
2025-10-10 14:00:00,18.0,12.270214511652865,12.276898,17.66
2025-10-10 15:00:00,28.0,17.08216268381644,16.427801,23.21
2025-10-10 16:00:00,14.0,25.356864263846433,28.09742,18.96
2025-10-10 17:00:00,12.0,16.495091195483422,15.084924,15.91
2025-10-10 18:00:00,12.0,13.952325517073097,13.570348,14.31
2025-10-10 19:00:00,17.0,13.948775536886895,13.557913,16.08
2025-10-10 20:00:00,20.0,17.34467993282673,16.916246,18.27
2025-10-10 21:00:00,6.0,20.03495114887851,20.347015,12.34
2025-10-10 22:00:00,16.0,11.084865496998763,6.8765426,14.23
2025-10-10 23:00:00,22.0,15.656856387507741,16.587791,18.54
2025-10-11 00:00:00,21.0,19.17150594765409,18.062618,20.06
2025-10-11 01:00:00,17.0,20.183122835895265,18.879986,18.76
2025-10-11 02:00:00,8.0,16.8768056103931,18.339167,13.66
2025-10-11 03:00:00,11.0,10.879335181224375,9.533211,12.62
2025-10-11 04:00:00,9.0,11.680456441930113,10.379136,11.16
2025-10-11 05:00:00,14.0,9.972618624116272,8.312604,12.93
2025-10-11 06:00:00,19.0,14.408316390881048,15.755949,16.18
2025-10-11 07:00:00,24.0,19.358786762807796,20.672043,20.14
2025-10-11 08:00:00,34.0,22.738629089029235,25.107857,27.31
2025-10-11 09:00:00,19.0,30.00201102196227,31.96114,23.51
2025-10-11 10:00:00,24.0,18.51973124368804,19.804876,24.25
2025-10-11 11:00:00,30.0,22.549947787682296,20.907167,27.27
2025-10-11 12:00:00,25.0,25.630161104568856,25.72396,26.5
2025-10-11 13:00:00,24.0,23.567438033643423,23.643732,25.46
2025-10-11 14:00:00,26.0,22.25292664118386,22.16804,26.09
2025-10-11 15:00:00,23.0,25.419439002666824,24.442984,24.85
2025-10-11 16:00:00,15.0,21.8209208701951,22.368364,20.13
2025-10-11 17:00:00,17.0,16.307661922869933,15.5571995,18.93
2025-10-11 18:00:00,16.0,17.102105244009064,17.501032,17.46
2025-10-11 19:00:00,16.0,17.176427696634835,16.872072,16.8
2025-10-11 20:00:00,17.0,17.66336613670633,16.545103,16.99
2025-10-11 21:00:00,17.0,17.612950424214535,17.81685,17.14
2025-10-11 22:00:00,13.0,16.946226451262127,16.226877,15.06
2025-10-11 23:00:00,13.0,14.762183957120376,14.080493,14.38
2025-10-12 00:00:00,17.0,13.290073205347673,12.942966,15.84
2025-10-12 01:00:00,14.0,14.707671594336327,15.455284,15.12
2025-10-12 02:00:00,21.0,14.492424069359474,14.241601,17.93
2025-10-12 03:00:00,10.0,18.370248207457003,16.357428,14.26
2025-10-12 04:00:00,5.0,10.732654840098412,10.438949,9.92
2025-10-12 05:00:00,3.0,8.931351727536773,7.0483837,6.6
2025-10-12 06:00:00,5.0,7.500382413831076,6.344952,5.87
2025-10-12 07:00:00,6.0,8.82439865685485,8.38713,6.35
2025-10-12 08:00:00,12.0,9.88016676885119,9.7685585,9.67
2025-10-12 09:00:00,19.0,13.659214528014541,14.8805,14.33
2025-10-12 10:00:00,18.0,16.823034524783893,15.85584,16.32
2025-10-12 11:00:00,13.0,17.36337775090841,16.583637,14.81
2025-10-12 12:00:00,8.0,14.559430643824632,14.392602,11.83
2025-10-12 13:00:00,8.0,10.670846242346178,11.971264,10.34
2025-10-12 14:00:00,13.0,9.66846410199576,10.686215,12.1
2025-10-12 15:00:00,12.0,13.597488854366123,12.940013,12.27
2025-10-12 16:00:00,9.0,13.898344133223995,13.784526,10.63
2025-10-12 17:00:00,9.0,10.74946838703385,11.458206,9.89
2025-10-12 18:00:00,10.0,10.927187075330815,12.035019,10.23
2025-10-12 19:00:00,13.0,12.175261870040362,11.620045,11.69
2025-10-12 20:00:00,8.0,14.15307743531087,13.33033,9.85
2025-10-12 21:00:00,8.0,10.378913891490518,9.054759,8.99
2025-10-12 22:00:00,8.0,10.474425005320079,9.485477,8.95
2025-10-12 23:00:00,5.0,11.049547875507898,9.689888,7.25
2025-10-13 00:00:00,4.0,7.013108994851794,7.210638,6.12
2025-10-13 01:00:00,10.0,5.627660907442266,6.3343716,8.21
2025-10-13 02:00:00,5.0,10.451468497766992,10.748578,6.96
2025-10-13 03:00:00,4.0,7.077421642358363,6.675806,5.69
2025-10-13 04:00:00,7.0,6.0195345109645695,6.1191754,6.56
2025-10-13 05:00:00,10.0,7.368056030122348,7.6012654,8.42
2025-10-13 06:00:00,11.0,11.228497069870796,11.946226,9.93
2025-10-13 07:00:00,8.0,13.00069567017411,14.779912,9.31
2025-10-13 08:00:00,12.0,11.752210952649524,14.091721,10.81
2025-10-13 09:00:00,7.0,15.015204519368806,17.051,9.19
2025-10-13 10:00:00,5.0,9.122377319689038,10.645096,7.17
2025-10-13 11:00:00,6.0,6.883545722855356,7.217331,6.72
2025-10-13 12:00:00,8.0,7.440417951287424,6.592465,7.5
2025-10-13 13:00:00,10.0,8.624775469891235,9.378851,9.24
2025-10-13 14:00:00,16.0,10.708528888230813,11.326975,12.98
2025-10-13 15:00:00,14.0,14.02933887495771,15.302204,13.57
2025-10-13 16:00:00,8.0,13.677698749858212,14.972455,11.15
2025-10-13 17:00:00,7.0,10.553134500895311,9.815707,9.21
2025-10-13 18:00:00,9.0,9.666963058126807,9.6880455,9.32
2025-10-13 19:00:00,12.0,12.044200198968825,10.776251,10.94
2025-10-13 20:00:00,15.0,12.707318855285145,12.044349,13.19
2025-10-13 21:00:00,12.0,15.310271347287589,14.479622,12.6
2025-10-13 22:00:00,12.0,13.44191032648757,12.452702,12.44
2025-10-13 23:00:00,14.0,13.034035300571063,12.323949,13.36
2025-10-14 00:00:00,16.0,13.525094564369127,13.715378,14.68
2025-10-14 01:00:00,15.0,14.498821150453276,15.468665,14.99
2025-10-14 02:00:00,11.0,15.112847802906783,14.812963,12.99
2025-10-14 03:00:00,11.0,11.866606345796235,11.283642,12.0
2025-10-14 04:00:00,11.0,11.489880456296838,10.918381,11.78
2025-10-14 05:00:00,15.0,12.056926671376495,12.231995,13.35
2025-10-14 06:00:00,18.0,15.34641456211808,14.979718,15.55
2025-10-14 07:00:00,28.0,16.797919227217925,18.949913,22.35
2025-10-14 08:00:00,25.0,26.856979097819664,31.776968,23.75
2025-10-14 09:00:00,20.0,24.604348392566383,25.247002,21.95
2025-10-14 10:00:00,19.0,18.006264876589743,16.513609,20.91
2025-10-14 11:00:00,12.0,16.572240810948127,14.031039,16.46
2025-10-14 12:00:00,5.0,12.52647603799738,11.661177,11.02
2025-10-14 13:00:00,3.0,8.055249457155504,7.636375,7.29
2025-10-14 14:00:00,6.0,6.0651905517688105,5.8864202,7.07
2025-10-14 15:00:00,5.0,7.231117554193795,8.416776,6.33
2025-10-14 16:00:00,4.0,7.824371369485108,6.760649,5.22
2025-10-14 17:00:00,11.0,6.879775453647807,7.013644,8.11
2025-10-14 18:00:00,11.0,10.7722832243283,11.368364,9.7
2025-10-14 19:00:00,13.0,12.093799901844614,11.278693,11.77
2025-10-14 20:00:00,19.0,14.713985446899796,14.382742,15.87
2025-10-14 21:00:00,27.0,17.97787213407411,16.738094,21.5
2025-10-14 22:00:00,32.0,24.012183382380588,24.485601,27.12
2025-10-14 23:00:00,27.0,29.535136309421034,29.374325,27.19
2025-10-15 00:00:00,38.0,25.141977706895737,26.328444,32.83
2025-10-15 01:00:00,21.0,35.53418569296236,34.51698,27.29
2025-10-15 02:00:00,14.0,22.998938742483155,21.332159,20.78
2025-10-15 03:00:00,16.0,18.78288478785977,14.755824,18.53
2025-10-15 04:00:00,18.0,17.975849430404452,15.186008,18.27
2025-10-15 05:00:00,20.0,18.26510565808335,18.691095,19.19
2025-10-15 06:00:00,18.0,21.991373814165126,22.885242,19.31
2025-10-15 07:00:00,47.0,20.706171819686947,22.4804,37.4
2025-10-15 08:00:00,51.0,36.611212525163474,41.089638,44.63
2025-10-15 09:00:00,48.0,42.98218253127307,44.98569,46.41
2025-10-15 10:00:00,30.0,41.53683544546144,41.58678,38.5
2025-10-15 11:00:00,25.0,25.123173026891333,20.3958,31.77
2025-10-15 12:00:00,9.0,22.384016351655163,22.045418,20.86
2025-10-15 13:00:00,26.0,13.9351180833695,10.483513,23.73
2025-10-15 14:00:00,17.0,22.556911767052398,24.565126,20.58
2025-10-15 15:00:00,13.0,16.5755005158599,15.24546,17.22
2025-10-15 16:00:00,13.0,13.377387439474411,12.429779,15.53
2025-10-15 17:00:00,18.0,14.38474694903931,13.547648,16.77
2025-10-15 18:00:00,12.0,17.24368285731028,17.177803,14.74
2025-10-15 19:00:00,17.0,14.691242989608556,13.89832,15.86
2025-10-15 20:00:00,17.0,17.739630149669136,17.932844,16.92
2025-10-15 21:00:00,23.0,17.886824770128136,18.282398,19.97
2025-10-15 22:00:00,19.0,21.5624078530148,21.010773,19.6
2025-10-15 23:00:00,31.0,19.052086221426745,18.842684,25.32
2025-10-16 00:00:00,19.0,27.25548781520367,28.152815,22.37
2025-10-16 01:00:00,21.0,18.041820755901316,16.402739,21.69
2025-10-16 02:00:00,15.0,21.408651917619895,21.25674,18.84
2025-10-16 03:00:00,21.0,16.46290805729957,15.57506,20.0
2025-10-16 04:00:00,14.0,19.976387084901663,18.833824,17.37
2025-10-16 05:00:00,6.0,16.625530038117862,14.8280115,12.11
2025-10-16 06:00:00,7.0,10.974941717134868,9.400157,9.62
2025-10-16 07:00:00,14.0,13.058209891170248,15.300775,11.88
2025-10-16 08:00:00,15.0,17.72486517061823,18.974796,13.79
2025-10-16 09:00:00,20.0,19.493164109174643,21.25233,16.89
2025-10-16 10:00:00,19.0,19.77373782000549,21.046295,18.17
2025-10-16 11:00:00,15.0,17.834242495724414,18.633501,16.59
2025-10-16 12:00:00,9.0,13.122632943748574,14.00066,13.07
2025-10-16 13:00:00,15.0,11.05350486624955,11.652221,14.09
2025-10-16 14:00:00,28.0,14.811822991937058,16.210535,21.4
2025-10-16 15:00:00,30.0,23.1255216611773,23.64794,26.15
2025-10-16 16:00:00,17.0,25.634329835678425,24.056866,21.72
2025-10-16 17:00:00,13.0,17.371898155499814,15.235012,17.36
2025-10-16 18:00:00,13.0,14.83651424179378,15.013635,15.6
2025-10-16 19:00:00,19.0,14.540361517511904,15.869486,17.44
2025-10-16 20:00:00,20.0,18.15126797964744,17.572882,18.94
2025-10-16 21:00:00,22.0,20.215392199933742,19.651108,20.5
2025-10-16 22:00:00,54.0,20.81643563255334,20.766151,37.74
2025-10-16 23:00:00,66.0,37.082288540863,44.290367,51.95
2025-10-17 00:00:00,54.0,42.973508205946764,42.742275,53.32
2025-10-17 01:00:00,15.0,45.6563826188914,44.31919,34.31
2025-10-17 02:00:00,11.0,25.076656402651864,20.09741,22.93
2025-10-17 03:00:00,14.0,19.413718562424506,15.632863,18.75
2025-10-17 04:00:00,12.0,15.879535045870771,12.73293,15.45
2025-10-17 05:00:00,14.0,14.78663476017162,14.387317,15.07
2025-10-17 06:00:00,27.0,15.81619081213124,16.265764,21.09
2025-10-17 07:00:00,38.0,25.571832613725096,28.207087,29.56
2025-10-17 08:00:00,26.0,33.79929377110388,37.9723,27.99
2025-10-17 09:00:00,28.0,26.688082820691964,26.57201,28.36
2025-10-17 10:00:00,26.0,24.257845246358023,24.394474,27.32
2025-10-17 11:00:00,21.0,22.052884724005086,20.851679,24.52
2025-10-17 12:00:00,20.659574468085108,17.675558319608854,16.971716,
2025-10-17 13:00:00,20.319148936170212,19.97791178169951,19.148071,
2025-10-17 14:00:00,19.97872340425532,20.278835082840768,20.482658,
2025-10-19 10:00:00,5.0,18.717696201773393,19.75462,
2025-10-19 11:00:00,4.0,9.402175667168583,5.8841147,
2025-10-19 12:00:00,3.0,6.3936747839456425,5.245406,
2025-10-19 13:00:00,5.0,4.868527404717568,4.0956745,
2025-10-19 14:00:00,4.0,6.593580199361084,5.679027,
2025-10-19 15:00:00,3.0,6.669613474809546,6.361494,
2025-10-19 16:00:00,6.0,4.729589915721999,4.217718,
2025-10-19 17:00:00,5.0,6.9787469697621765,10.761317,
2025-10-19 18:00:00,3.0,6.932549557345151,12.358921,
2025-10-19 19:00:00,7.0,5.767232867602448,5.4122677,6.14
2025-10-19 20:00:00,12.0,7.338168988158488,8.046295,9.29
2025-10-19 21:00:00,8.0,11.95436428293724,11.651958,8.94
2025-10-19 22:00:00,6.0,10.455320789812543,8.803725,7.54
2025-10-19 23:00:00,8.0,8.699923343007432,6.5121045,8.11
2025-10-20 00:00:00,18.0,9.142754420220758,8.663762,13.35
2025-10-20 01:00:00,16.0,16.61147894135467,16.963963,14.95
2025-10-20 02:00:00,20.0,17.285218963516858,17.119473,17.97
2025-10-20 03:00:00,25.0,18.458862971460494,17.149126,21.58
2025-10-20 04:00:00,14.0,23.05240942765871,18.411766,18.0
2025-10-20 05:00:00,17.0,16.21902940200577,15.682481,17.99
2025-10-20 06:00:00,24.0,18.48155049327318,18.460785,21.35
2025-10-20 07:00:00,29.0,23.502114430976395,26.247,25.18
2025-10-20 08:00:00,27.0,30.204354139146602,34.68026,26.46
2025-10-20 09:00:00,19.0,25.301708099005257,28.307478,22.74
2025-10-20 10:00:00,12.0,16.780868775886386,15.600842,17.59
2025-10-20 11:00:00,8.0,12.468038634658548,10.060782,13.15
2025-10-20 12:00:00,7.0,8.495944958086627,7.523768,10.22
2025-10-20 13:00:00,9.0,7.866917895321125,7.5720773,10.03
2025-10-20 14:00:00,16.0,10.09630397266532,8.330981,13.49
2025-10-20 15:00:00,29.0,13.845344015195591,14.633573,21.32
2025-10-20 16:00:00,28.0,20.53973729042735,20.916746,24.75
2025-10-20 17:00:00,16.0,23.8987211540949,23.615978,20.8
2025-10-20 18:00:00,15.0,16.805452474687893,14.59138,18.26
2025-10-20 19:00:00,14.0,15.884666703715366,15.08035,16.34
2025-10-20 20:00:00,17.0,15.898861561206896,16.12545,16.88
2025-10-20 21:00:00,23.0,17.40888848503698,17.966166,19.98
2025-10-20 22:00:00,40.0,22.41279335918388,20.230974,30.22
2025-10-20 23:00:00,31.0,33.63396801798373,39.440166,30.97
2025-10-21 00:00:00,35.0,27.027704314927078,26.511017,33.14
2025-10-21 01:00:00,30.0,31.831130694310676,31.896595,32.0
2025-10-21 02:00:00,31.0,29.11420008866435,27.038465,31.7
2025-10-21 03:00:00,40.0,30.653427318602223,28.628628,36.35
2025-10-21 04:00:00,46.0,34.62812904926362,35.617638,41.39
2025-10-21 05:00:00,39.0,39.835428247925506,40.158154,40.51
2025-10-21 06:00:00,23.0,39.43053382038691,40.153496,31.79
2025-10-21 07:00:00,46.0,28.54346348065345,28.634672,38.99
2025-10-21 08:00:00,33.0,41.36649740157773,43.403015,36.36
2025-10-21 09:00:00,24.0,35.55517338046514,31.657759,30.2
2025-10-21 10:00:00,12.0,23.628069695805642,23.925827,21.45
2025-10-21 11:00:00,18.0,16.473124935392747,14.802725,19.92
2025-10-21 12:00:00,29.0,16.14821513661892,16.400208,36.06
2025-10-21 13:00:00,35.0,23.567965948154786,26.15767,35.97
2025-10-21 14:00:00,42.0,30.314206763978326,31.053812,
2025-10-21 15:00:00,19.0,34.05271978805693,34.790516,25.28
2025-10-21 16:00:00,16.0,21.059905807380563,18.498678,20.83
2025-10-21 17:00:00,18.0,18.271258752476257,15.839796,19.42
2025-10-21 18:00:00,12.0,17.716546104380203,17.68086,15.84
2025-10-21 19:00:00,14.0,14.594838217019724,13.906475,15.26
2025-10-21 20:00:00,18.0,16.19677127238984,15.249386,16.7
2025-10-21 21:00:00,13.0,18.623261791754757,18.837118,15.27
2025-10-21 22:00:00,18.0,15.732092851918601,16.25782,16.85
2025-10-21 23:00:00,14.0,19.407463367162585,17.193064,15.5
2025-10-22 00:00:00,9.0,16.537673233466347,16.213764,12.32
2025-10-22 01:00:00,10.0,12.164277907271838,11.262896,11.58
2025-10-22 02:00:00,16.0,12.65507178414276,11.464262,14.28
2025-10-22 03:00:00,21.0,16.253089785988003,15.178838,18.01
2025-10-22 04:00:00,13.0,19.716176366501134,17.766882,15.79
2025-10-22 05:00:00,10.0,15.660861735220289,15.147711,13.26
2025-10-22 06:00:00,10.0,12.994028337809047,13.353711,11.83
2025-10-22 07:00:00,20.0,15.250604235252576,15.230638,15.98
2025-10-22 08:00:00,25.0,21.86595032417801,22.36682,20.93
2025-10-22 09:00:00,19.0,25.11468113262793,28.055798,19.96
2025-10-22 10:00:00,19.0,16.811039957438155,19.340261,19.62
2025-10-22 11:00:00,20.0,17.07553014219274,17.26859,20.24
2025-10-22 12:00:00,20.0,18.874721954840673,18.328987,20.61
2025-10-22 13:00:00,26.0,20.71348492266828,19.468662,23.39
2025-10-22 14:00:00,21.0,25.32609495461198,24.569283,22.19
2025-10-22 15:00:00,20.0,20.405248818546056,19.261204,21.32
2025-10-22 16:00:00,16.0,19.906866307306114,18.769085,19.02
2025-10-22 17:00:00,14.0,15.872606164612357,15.46341,16.87
2025-10-22 18:00:00,13.0,14.387026093751043,14.539852,15.45
2025-10-22 19:00:00,19.0,14.904227035078543,14.401043,17.47
2025-10-22 20:00:00,30.0,18.52777790413361,17.985474,24.16
2025-10-22 21:00:00,36.0,25.96191346207942,26.643967,30.3
2025-10-22 22:00:00,39.0,32.71443741732059,31.81047,34.86
2025-10-22 23:00:00,41.0,34.430331556719764,35.282207,38.08
2025-10-23 00:00:00,35.0,33.909556317167485,32.821037,36.77
2025-10-23 01:00:00,25.0,33.124621086172844,32.125694,31.04
2025-10-23 02:00:00,20.0,27.541244757134585,26.658573,25.81
2025-10-23 03:00:00,19.0,22.47378812646775,22.354944,22.47
2025-10-23 04:00:00,26.0,21.374933191814666,18.229366,24.66
2025-10-23 05:00:00,31.0,25.876720363406065,23.37494,28.12
2025-10-23 06:00:00,30.0,30.120282293415286,30.95399,29.19
2025-10-23 07:00:00,37.0,29.39672483731362,33.532818,33.18
2025-10-23 08:00:00,32.0,38.14188545045699,39.621414,32.8
2025-10-23 09:00:00,34.0,32.93994611499308,30.97575,33.76
2025-10-23 10:00:00,34.0,31.20777112543018,30.595762,34.15
2025-10-23 11:00:00,38.0,30.349660161034105,29.46975,31.83
2025-10-23 12:00:00,50.0,30.722089757050128,31.621284,
2025-10-23 13:00:00,37.0,36.88194298840014,40.721046,40.4
2025-10-23 14:00:00,22.0,30.29256166231004,31.465937,27.71
2025-10-23 15:00:00,24.0,22.26402798074492,21.099007,26.4
2025-10-23 16:00:00,15.0,23.465336019270325,22.054256,20.94
2025-10-23 17:00:00,14.0,16.152921401365692,14.917167,17.47
2025-10-23 18:00:00,14.0,15.014640197354808,14.106965,15.94
2025-10-23 19:00:00,16.0,15.77071621971249,15.660413,15.98
2025-10-23 20:00:00,10.0,18.67281760545429,17.428534,13.13
2025-10-23 21:00:00,12.0,13.274572458703569,12.414052,12.7
2025-10-23 22:00:00,13.0,15.281704788250108,14.431092,13.21
2025-10-23 23:00:00,11.0,16.773562389451442,15.945092,12.46
2025-10-24 00:00:00,9.0,13.820106683418519,12.479101,11.02
2025-10-24 01:00:00,6.0,10.38913751413725,10.346398,8.79
2025-10-24 02:00:00,4.0,7.9928202636379755,7.3853045,6.54
2025-10-24 03:00:00,6.0,5.818215500452532,5.372856,6.41
2025-10-24 04:00:00,7.0,7.640386209018085,6.822249,7.06
2025-10-24 05:00:00,6.0,8.856831749542875,7.7596517,6.53
2025-10-24 06:00:00,7.0,7.670141681088595,8.061649,6.9
2025-10-24 07:00:00,15.0,9.730569941930053,11.0955105,11.3
2025-10-24 08:00:00,20.0,16.401013118042552,19.049784,15.72
2025-10-24 09:00:00,21.0,20.536788582286846,19.342323,18.5
2025-10-24 10:00:00,22.0,19.150550967717347,20.353485,20.26
2025-10-24 11:00:00,15.0,20.325955591597253,20.671677,17.92
2025-10-24 12:00:00,12.0,14.84860096412141,16.361568,15.32
2025-10-24 13:00:00,10.0,13.308811604046895,13.395584,12.81
2025-10-24 14:00:00,10.02836879432624,10.697771614435643,12.243945,
2025-10-24 15:00:00,10.056737588652481,10.922998831739594,11.90241,
2025-10-24 16:00:00,10.085106382978724,11.421919679789232,11.187487,
2025-10-30 10:00:00,14.0,10.545578112299872,10.373652,
2025-10-30 11:00:00,14.0,11.920394467322923,10.844446,
2025-10-30 12:00:00,9.0,11.966165658875457,9.784111,
2025-10-30 13:00:00,9.0,8.701520164921146,8.507022,
2025-10-30 14:00:00,5.0,8.948753802075208,8.810637,
2025-10-30 15:00:00,5.0,7.431968309425006,6.085332,
2025-10-30 16:00:00,15.0,7.818992915632835,8.121085,
2025-10-30 17:00:00,20.0,14.374583461895693,13.502808,
2025-10-30 18:00:00,22.0,15.737985907415501,16.345865,
2025-10-30 19:00:00,22.0,17.852842164689974,18.353268,20.73
2025-10-30 20:00:00,26.0,20.120916448510094,21.343073,23.65
2025-10-30 21:00:00,32.0,23.55861324657327,21.92248,28.09
2025-10-30 22:00:00,46.0,28.918960030693,25.086847,37.35
2025-10-30 23:00:00,38.0,36.610082802730496,37.57068,38.1
2025-10-31 00:00:00,41.0,35.06262297787181,31.504267,39.82
2025-10-31 01:00:00,27.0,34.9271823866461,31.595736,33.41
2025-10-31 02:00:00,24.0,29.199797709443125,27.598175,29.09
2025-10-31 03:00:00,11.0,26.09773420423669,24.418362,20.05
2025-10-31 04:00:00,11.0,17.720459759750952,12.215138,15.66
2025-10-31 05:00:00,13.0,14.791948650128987,12.814905,14.47
2025-10-31 06:00:00,16.0,15.216617472660015,14.112937,15.29
2025-10-31 07:00:00,23.0,17.283931995534495,18.74839,19.57
2025-10-31 08:00:00,28.0,22.933944083650715,24.944662,24.21
2025-10-31 09:00:00,26.0,25.283926899610766,27.959093,25.27
2025-10-31 10:00:00,20.0,22.95749529004114,21.147442,22.94
2025-10-31 11:00:00,47.0,18.312578307590627,19.596443,35.27
2025-10-31 12:00:00,37.0,30.39469798166036,33.848312,36.58
2025-10-31 13:00:00,28.0,29.424325836703115,26.570015,32.46
2025-10-31 14:00:00,14.0,25.295538893003492,25.338911,23.35
2025-10-31 15:00:00,27.0,17.311721916052434,16.306295,25.26
2025-10-31 16:00:00,20.0,24.475869798577474,26.741707,23.07
2025-10-31 17:00:00,14.0,20.554887917475227,21.429586,18.53
2025-10-31 18:00:00,5.0,15.75792704479352,14.168283,4.32
2025-10-31 19:00:00,20.0,10.58962766940628,7.9788046,
2025-10-31 20:00:00,22.0,18.188126484022682,17.939865,21.12
2025-10-31 21:00:00,29.0,21.997678589065153,22.406683,25.12
2025-10-31 22:00:00,34.0,29.754688220300075,28.153608,29.79
2025-10-31 23:00:00,25.0,31.343896946374855,31.190086,27.39
2025-11-01 00:00:00,25.0,23.874642409256793,20.591785,26.19
2025-11-01 01:00:00,23.0,25.683997575878234,25.672152,24.82
2025-11-01 02:00:00,13.0,24.00832200368894,23.981077,19.2
2025-11-01 03:00:00,11.0,17.043847834360324,12.718377,15.1
2025-11-01 04:00:00,11.0,13.567823982087097,11.858324,13.33
2025-11-01 05:00:00,14.0,12.988641887400016,11.77783,14.02
2025-11-01 06:00:00,12.0,16.11532278219279,16.233473,13.37
2025-11-01 07:00:00,13.0,15.635063607308554,16.611912,13.45
2025-11-01 08:00:00,30.0,17.35348233552482,17.984818,22.0
2025-11-01 09:00:00,37.0,27.90529213008475,29.928804,29.74
2025-11-01 10:00:00,20.0,28.159445899636463,26.458652,24.95
2025-11-01 11:00:00,11.0,18.09294532297669,15.148835,18.17
2025-11-01 12:00:00,28.0,13.965039851299613,17.118956,23.56
2025-11-01 13:00:00,46.0,22.548852126486786,25.637758,35.0
2025-11-01 14:00:00,40.0,32.27568831337966,35.47237,37.74
2025-11-01 15:00:00,21.0,32.094544158490606,33.416443,29.83
2025-11-01 16:00:00,3.0,22.379615217225464,20.70899,16.55
2025-11-01 17:00:00,5.0,13.62756761017968,11.774876,10.92
2025-11-01 18:00:00,13.0,10.179604994137852,7.8479376,12.38
2025-11-01 19:00:00,51.0,14.216482062861878,12.380209,31.88
2025-11-01 20:00:00,23.0,30.99459484633972,30.694685,27.51
2025-11-01 21:00:00,24.0,24.910642295935777,22.628239,26.03
2025-11-01 22:00:00,28.0,25.58812037818087,23.840551,27.09
2025-11-01 23:00:00,27.0,28.755092909372255,27.283419,27.21
2025-11-02 00:00:00,18.0,25.475836324387753,25.26185,22.61
2025-11-02 01:00:00,22.0,22.266876688542556,21.775442,22.38
2025-11-02 02:00:00,11.0,22.58331968512157,23.11059,17.04
2025-11-02 03:00:00,15.0,13.568067435357454,11.770607,16.38
2025-11-02 04:00:00,14.0,15.581905559297466,14.735575,15.19
2025-11-02 05:00:00,14.0,15.749947038048424,14.570819,14.74
2025-11-02 06:00:00,16.0,16.88689800797602,16.792526,15.72
2025-11-02 07:00:00,22.0,18.80990316602044,19.616917,19.19
2025-11-02 08:00:00,33.0,24.032194532122485,26.971178,26.1
2025-11-02 09:00:00,33.0,26.758319584993043,26.936762,29.83
2025-11-02 10:00:00,35.0,25.629838566198206,25.238443,32.44
2025-11-02 11:00:00,20.0,26.173849900985307,24.135437,26.6
2025-11-02 12:00:00,7.0,18.787083524005794,16.966467,16.87
2025-11-02 13:00:00,8.0,14.04699636690869,11.962142,12.5
2025-11-02 14:00:00,8.0,11.908434956135576,11.597495,10.68
2025-11-02 15:00:00,7.0,11.56316447910321,10.327496,9.13
2025-11-02 16:00:00,4.0,9.786503183309947,10.704983,6.99
2025-11-02 17:00:00,3.0,7.671528315816498,7.252002,5.43
2025-11-02 18:00:00,3.0,5.609323289483579,4.7182117,4.35
2025-11-02 19:00:00,5.0,5.892989970439685,7.970562,5.09
2025-11-02 20:00:00,10.0,7.124984825047515,7.3997135,7.9
2025-11-02 21:00:00,10.0,10.334413219835106,11.665415,9.08
2025-11-02 22:00:00,17.0,11.646530004092766,10.851871,13.05
2025-11-02 23:00:00,11.0,17.04210156926281,16.255087,12.45
2025-11-03 00:00:00,16.0,13.27622515695952,12.754393,14.65
2025-11-03 01:00:00,16.0,16.068914535797024,14.973512,15.4
2025-11-03 02:00:00,16.0,14.340510774575838,15.37329,16.06
2025-11-03 03:00:00,14.0,14.984316847573274,13.917075,15.32
2025-11-03 04:00:00,11.0,14.905049465210865,14.2637615,13.52
2025-11-03 05:00:00,9.0,12.686688288465664,12.30355,11.62
2025-11-03 06:00:00,7.0,11.349452563391417,11.379644,9.67
2025-11-03 07:00:00,7.0,10.508001820888683,10.953814,8.81
2025-11-03 08:00:00,19.0,12.360234417078994,12.74024,14.2
2025-11-03 09:00:00,19.0,18.251588446681065,19.017393,16.72
2025-11-03 10:00:00,31.0,18.219091851788846,16.669174,23.88
2025-11-03 11:00:00,17.0,24.396691948946575,26.64656,20.53
2025-11-03 12:00:00,6.0,14.496583569648838,14.119733,13.48
2025-11-03 13:00:00,8.0,9.717523662925142,8.10623,11.1
2025-11-03 14:00:00,6.0,9.665581220741135,8.526268,8.91
2025-11-03 15:00:00,4.0,8.028956410811867,7.9650683,6.88
2025-11-03 16:00:00,5.0,8.001768100932367,9.949958,6.42
2025-11-03 17:00:00,17.0,7.70361487968253,8.217978,12.14
2025-11-03 18:00:00,16.0,15.35071198351594,14.316987,14.15
2025-11-03 19:00:00,11.0,14.304320308860147,14.689638,12.65
2025-11-03 20:00:00,11.0,13.57097550713518,12.468087,12.04
2025-11-03 21:00:00,7.0,13.194681699338872,12.1654215,9.81
2025-11-03 22:00:00,6.0,9.30531313442963,7.078812,8.22
2025-11-03 23:00:00,17.0,7.888338992102599,6.859154,12.61
2025-11-04 00:00:00,15.0,14.18156303568594,12.842731,14.17
2025-11-04 01:00:00,11.0,14.524007693153834,13.934639,
2025-11-04 02:00:00,13.0,13.019427799971396,11.583035,12.8
2025-11-04 03:00:00,12.0,13.00443570466649,11.024711,12.46
2025-11-04 04:00:00,19.0,11.951732070437362,10.012159,15.94
2025-11-04 05:00:00,21.0,15.292591446906888,13.445729,18.9
2025-11-04 06:00:00,23.0,20.37506905351103,21.3907,21.42
2025-11-04 07:00:00,44.0,21.784563182899422,24.782572,32.91
2025-11-04 08:00:00,57.0,35.60854143143755,42.234856,45.27
2025-11-04 09:00:00,46.0,45.49321975943763,52.886574,46.03
2025-11-04 10:00:00,33.0,43.7535197322769,42.50577,39.8
2025-11-04 11:00:00,34.0,28.887077165812396,24.251768,37.15
2025-11-04 12:00:00,17.0,27.73836769207655,30.30776,27.23
2025-11-04 13:00:00,9.0,21.224562390235004,27.160063,18.16
2025-11-04 14:00:00,22.0,14.90316628449093,13.959378,20.15
2025-11-04 15:00:00,22.0,19.419812101231326,19.214775,21.44
2025-11-04 16:00:00,20.0,20.625778371885318,22.582369,20.87
2025-11-04 17:00:00,17.0,20.586218193003678,20.642555,19.13
2025-11-04 18:00:00,26.0,16.872635361294993,16.90486,22.57
2025-11-04 19:00:00,27.0,23.008530248010473,21.792868,24.86
2025-11-04 20:00:00,34.0,25.299920672586346,25.354507,29.57
2025-11-04 21:00:00,37.0,30.77035244425565,27.954546,33.76
2025-11-04 22:00:00,50.0,33.87413295551059,33.686234,42.37
2025-11-04 23:00:00,54.0,40.453670093290036,42.68227,48.36
2025-11-05 00:00:00,39.0,44.90304698816534,42.179813,43.68
2025-11-05 01:00:00,40.0,37.392259865745096,31.632483,42.05
2025-11-05 02:00:00,48.0,37.31747762727898,35.803894,45.32
2025-11-05 03:00:00,41.0,40.440379147093445,40.922344,43.34
2025-11-05 04:00:00,12.0,38.93220077786222,35.540104,27.96
2025-11-05 05:00:00,11.0,23.277246551986178,16.254862,19.49
2025-11-05 06:00:00,17.0,18.665018914937104,17.156061,18.39
2025-11-05 07:00:00,21.0,20.276196135179777,24.545753,19.71
2025-11-05 08:00:00,39.0,22.029421728043637,25.394205,29.52
2025-11-05 09:00:00,70.0,33.81170157706219,38.5987,49.79
2025-11-05 10:00:00,23.0,43.987702204157415,51.8801,36.88
2025-11-05 11:00:00,30.0,26.01436583773737,19.662563,33.44
2025-11-05 12:00:00,29.0,25.660770320231542,22.039,31.43
2025-11-05 13:00:00,28.0,26.071462793092685,24.622715,30.1
2025-11-05 14:00:00,43.0,27.901528742078877,27.172436,36.65
2025-11-05 15:00:00,25.0,34.243662568707336,33.87562,31.25
2025-11-05 16:00:00,24.0,24.81018827174167,24.892046,27.85
2025-11-05 17:00:00,21.0,22.25842576544857,21.27152,24.5
2025-11-05 18:00:00,23.0,22.19131580789006,21.471695,23.95
2025-11-05 19:00:00,31.0,23.539918036375223,23.000246,27.77
2025-11-05 20:00:00,29.0,29.761724272789746,31.033527,28.59
2025-11-05 21:00:00,32.0,27.706232624087594,26.504702,30.43
2025-11-05 22:00:00,36.0,30.19404414559987,27.492102,33.47
2025-11-05 23:00:00,47.0,35.101213332345736,32.120693,40.64
2025-11-06 00:00:00,36.0,41.434325215259555,38.024754,38.32
2025-11-06 01:00:00,32.0,37.67651308192597,34.61314,35.47
2025-11-06 02:00:00,11.0,34.853924752239145,31.416351,23.38
2025-11-06 03:00:00,7.0,21.62095827402313,17.52952,15.26
2025-11-06 04:00:00,8.0,13.384649967364286,8.954064,11.84
2025-11-06 05:00:00,11.0,11.831905877574355,9.927148,11.42
2025-11-06 06:00:00,12.0,13.42830766200916,13.955622,11.84
2025-11-06 07:00:00,21.0,14.758511082960275,16.6871,16.89
2025-11-06 08:00:00,32.0,21.599922221740115,23.174084,24.75
2025-11-06 09:00:00,24.0,27.90325090551663,26.985603,24.58
2025-11-06 10:00:00,27.0,23.386438729023823,21.547194,25.79
2025-11-06 11:00:00,25.0,25.102512293397407,24.20444,25.41
2025-11-06 12:00:00,12.0,22.675337850436343,19.088625,18.85
2025-11-06 13:00:00,7.0,16.376374605587962,19.04524,13.35
2025-11-06 14:00:00,7.0,12.452757293030277,16.98186,10.18
2025-11-06 15:00:00,8.0,9.755712009313509,9.179245,9.43
2025-11-06 16:00:00,21.0,11.39017170127588,10.243114,15.51
2025-11-06 17:00:00,35.0,20.161285865286462,21.538052,25.39
2025-11-06 18:00:00,25.0,25.757689184155762,28.234905,25.56
2025-11-06 19:00:00,30.0,25.48171848000037,24.20029,27.92
2025-11-06 20:00:00,32.0,27.985701346684877,26.867065,30.25
2025-11-06 21:00:00,33.0,30.738314456381246,28.728735,31.93
2025-11-06 22:00:00,18.0,32.55548733216411,32.712517,25.39
2025-11-06 23:00:00,19.0,23.416871267649633,23.726618,22.35
2025-11-07 00:00:00,21.0,21.181021242943665,19.479933,21.68
2025-11-07 01:00:00,23.0,21.31450378170677,21.457422,22.68
2025-11-07 02:00:00,38.0,21.81525194809751,21.5828,30.57
2025-11-07 03:00:00,27.0,31.406112577266043,30.913624,28.84
2025-11-07 04:00:00,16.0,26.380418404888218,25.241198,22.42
2025-11-07 05:00:00,17.0,19.138554322207035,15.86561,19.79
2025-11-07 06:00:00,27.0,19.13384311172385,19.202581,23.58
2025-11-07 07:00:00,49.0,26.287853633884026,29.591461,36.49
2025-11-07 08:00:00,57.0,41.49991247002611,50.730553,46.96
2025-11-07 09:00:00,45.0,47.98636565456404,52.214973,40.52
2025-11-07 10:00:00,32.0,41.19904628548799,39.879116,40.52
2025-11-07 11:00:00,61.0,30.032069932824996,27.694435,51.25
2025-11-07 12:00:00,46.0,40.333937278111456,45.80703,48.94
2025-11-07 13:00:00,56.0,36.652737334832615,39.735985,52.76
2025-11-07 14:00:00,24.0,40.22871876170861,46.58408,38.44
2025-11-07 15:00:00,30.0,23.881615300305242,25.295689,34.44
2025-11-07 16:00:00,26.0,28.14599968391911,28.394194,30.58
2025-11-07 17:00:00,24.0,27.212828857644887,24.133102,27.44
2025-11-07 18:00:00,20.0,23.529871849402067,21.355852,23.93
2025-11-07 19:00:00,22.0,22.015898815113083,21.687479,23.25
2025-11-07 20:00:00,20.0,23.491266637093428,22.557148,21.76
2025-11-07 21:00:00,24.0,21.839930297738658,21.551973,23.2
2025-11-07 22:00:00,40.0,23.663350122154167,22.956825,31.68
2025-11-07 23:00:00,35.0,34.72863996941187,35.012146,33.74
2025-11-08 00:00:00,36.0,32.775900936506815,30.055002,34.87
2025-11-08 01:00:00,34.0,35.16032259340464,34.95195,34.61
2025-11-08 02:00:00,25.0,34.3524827518002,32.27003,29.85
2025-11-08 03:00:00,24.0,27.74137219870817,24.533186,27.02
2025-11-08 04:00:00,19.0,24.428056175305795,21.771069,23.06
2025-11-08 05:00:00,21.0,22.05462772519047,17.18033,22.47
2025-11-08 06:00:00,33.0,23.78360698104398,23.685007,28.02
2025-11-08 07:00:00,36.0,33.63453915853435,38.278362,32.09
2025-11-08 08:00:00,29.0,38.67026685088048,42.92128,30.7
2025-11-08 09:00:00,18.0,28.13869770572065,27.16972,24.57
2025-11-08 10:00:00,15.0,18.560844202588253,16.556278,19.78
2025-11-08 11:00:00,14.0,17.78337493219287,17.771036,17.18
2025-11-08 12:00:00,11.0,15.781917085955884,20.24264,14.52
2025-11-08 13:00:00,10.0,13.20861172262514,14.9332,12.68
2025-11-08 14:00:00,17.0,11.88154703634615,11.985378,15.04
2025-11-08 15:00:00,59.0,17.63016011320141,20.084782,37.38
2025-11-08 16:00:00,52.0,31.585677065862203,32.157913,44.69
2025-11-08 17:00:00,49.0,38.29104712721245,40.64961,47.04
2025-11-08 18:00:00,34.0,40.6513772333718,38.79081,41.01
2025-11-08 19:00:00,39.0,32.37396829684417,28.004313,40.45
2025-11-08 20:00:00,31.0,34.28209793911823,35.49699,35.96
2025-11-08 21:00:00,23.0,31.408081104525145,32.416386,29.56
2025-11-08 22:00:00,30.0,27.43295224942932,24.88113,30.27
2025-11-08 23:00:00,37.0,29.66743795351866,30.480652,33.86
2025-11-09 00:00:00,30.0,34.420364604205936,37.72295,31.93
2025-11-09 01:00:00,28.0,29.57416215724176,27.71587,30.16
2025-11-09 02:00:00,19.0,28.739800443882547,28.247906,24.8
2025-11-09 03:00:00,20.0,21.712608848944043,18.98262,22.81
2025-11-09 04:00:00,13.0,21.590735365103274,20.094723,18.04
2025-11-09 05:00:00,11.0,17.004664858874413,13.779573,14.53
2025-11-09 06:00:00,21.0,15.851355501409273,14.003531,18.18
2025-11-09 07:00:00,14.0,22.251767372394042,23.759903,16.3
2025-11-09 08:00:00,11.0,17.407091940720814,19.449083,13.94
2025-11-09 09:00:00,15.0,14.146311353492699,14.403469,14.68
2025-11-09 10:00:00,16.0,13.069738623723627,13.141316,15.54
2025-11-09 11:00:00,7.0,12.174587342507566,12.272227,11.56
2025-11-09 12:00:00,10.0,8.165115125067107,6.9546547,11.13
2025-11-09 13:00:00,10.0,10.07557247064114,9.293324,10.97
2025-11-09 14:00:00,22.0,10.714914333156655,10.755862,16.63
2025-11-09 15:00:00,23.0,19.264512767635075,25.652205,20.17
2025-11-09 16:00:00,20.0,21.1646603745277,21.815548,20.38
2025-11-09 17:00:00,11.0,19.903227960223184,19.269587,16.12
2025-11-09 18:00:00,10.0,13.474933194705788,12.456693,13.42
2025-11-09 19:00:00,9.0,13.372951957961936,12.111404,11.21
2025-11-09 20:00:00,9.0,11.330160391376426,11.408654,10.1
2025-11-09 21:00:00,8.0,11.673094195468712,11.04892,9.48
2025-11-09 22:00:00,7.0,11.427507533011768,9.756407,8.6
2025-11-09 23:00:00,5.0,10.544993606342297,9.296739,7.09
2025-11-10 00:00:00,3.0,7.128416254779153,6.330736,5.04
2025-11-10 01:00:00,4.0,5.866544392529387,4.3197007,4.97
2025-11-10 02:00:00,14.0,5.8804010607760615,6.170347,9.54
2025-11-10 03:00:00,3.0,13.004820224908382,11.739206,6.27
2025-11-10 04:00:00,3.0,7.258696843322522,4.1598654,4.7
2025-11-10 05:00:00,5.0,6.087927124447697,5.0569105,5.19
2025-11-10 06:00:00,15.0,6.7617930034231835,6.000729,10.24
2025-11-10 07:00:00,12.0,14.482768399037534,16.677076,11.18
2025-11-10 08:00:00,17.0,13.218550579045063,14.891745,14.22
2025-11-10 09:00:00,6.0,14.579746628874322,13.633573,10.54
2025-11-10 10:00:00,6.0,7.561051760583113,6.98848,8.27
2025-11-10 11:00:00,6.0,6.081371681500266,5.23321,7.43
2025-11-10 12:00:00,9.0,6.066457541325284,4.444656,8.57
2025-11-10 13:00:00,7.0,9.155648494234708,8.156646,8.0
2025-11-10 14:00:00,4.0,7.617218870258271,7.4702654,6.07
2025-11-10 15:00:00,5.0,5.737760185336912,4.8568316,5.83
2025-11-10 16:00:00,8.0,6.2465695040553175,7.197245,7.34
2025-11-10 17:00:00,8.0,8.604715250288958,8.755249,7.96
2025-11-10 18:00:00,13.0,9.457532722911587,9.504574,10.49
2025-11-10 19:00:00,18.0,11.799865120000286,11.71162,14.45
2025-11-10 20:00:00,14.0,17.388203380080192,15.830084,14.66
2025-11-10 21:00:00,15.0,14.27075755581655,14.852906,15.2
2025-11-10 22:00:00,24.0,14.516991427624774,15.183991,19.95
2025-11-10 23:00:00,17.0,20.1408465448819,18.894941,18.69
2025-11-11 00:00:00,14.0,15.390279755283492,13.925657,16.35
2025-11-11 01:00:00,14.0,15.198134880467835,15.135588,15.39
2025-11-11 02:00:00,17.0,15.010770358626065,15.215603,16.27
2025-11-11 03:00:00,20.0,14.268914570668086,12.8813095,18.23
2025-11-11 04:00:00,31.0,18.03336878634188,17.115664,24.89
2025-11-11 05:00:00,24.0,24.876910624537054,24.411573,24.82
2025-11-11 06:00:00,37.0,24.67775977397522,24.540104,31.15
2025-11-11 07:00:00,54.0,35.827919715538656,39.210228,42.67
2025-11-11 08:00:00,63.0,45.19400301383927,55.297802,53.02
2025-11-11 09:00:00,40.0,49.15909225346446,53.399258,46.86
2025-11-11 10:00:00,31.0,37.694639215008266,30.468924,39.13
2025-11-11 11:00:00,23.0,26.620874430883795,26.829721,31.15
2025-11-11 12:00:00,28.0,21.333077794694027,24.058033,29.85
2025-11-11 13:00:00,22.0,28.914253472798578,30.067347,26.22
2025-11-11 14:00:00,38.0,23.16610645075007,26.244236,32.11
2025-11-11 15:00:00,38.0,31.276135617093807,34.59276,35.13
2025-11-11 16:00:00,37.0,31.78209072179328,32.567047,36.49
2025-11-11 17:00:00,29.0,31.227439255872508,29.858862,33.02
2025-11-11 18:00:00,21.0,27.432307688739037,26.316057,27.37
2025-11-11 19:00:00,25.0,21.72756840992136,20.272396,26.54
2025-11-11 20:00:00,25.0,26.083439107450133,24.889751,26.11
2025-11-11 21:00:00,32.0,24.990470521735514,25.640549,28.83
2025-11-11 22:00:00,28.0,30.49835623744863,30.825752,28.54
2025-11-11 23:00:00,33.0,27.490590200029015,28.703686,30.57
2025-11-12 00:00:00,21.0,29.854866471769274,26.621572,26.32
2025-11-12 01:00:00,21.0,22.258776199853227,20.548758,24.32
2025-11-12 02:00:00,27.0,21.425454275889656,19.796656,25.72
2025-11-12 03:00:00,30.0,23.77947645589429,20.85328,27.95
2025-11-12 04:00:00,33.0,27.122816864452897,26.722961,30.1
2025-11-12 05:00:00,26.0,30.780104656689097,30.411009,28.91
2025-11-12 06:00:00,21.0,28.029394193476666,28.167625,26.21
2025-11-12 07:00:00,28.0,25.45755204144402,26.67003,26.9
2025-11-12 08:00:00,33.0,31.653695246128702,33.932446,29.29
2025-11-12 09:00:00,27.0,33.293410849559784,32.22753,28.63
2025-11-12 10:00:00,22.0,25.33356199691857,26.074545,26.46
2025-11-12 11:00:00,10.0,18.437269090739253,20.188974,18.21
2025-11-12 12:00:00,7.0,13.065398639971265,10.16882,12.89
2025-11-12 13:00:00,5.0,10.350946743950317,9.501108,9.02
2025-11-12 14:00:00,7.0,10.289338854362377,11.535662,8.38
2025-11-12 15:00:00,18.0,12.041445246346854,11.301874,13.4
2025-11-12 16:00:00,21.0,18.69763490385722,20.803751,17.42
2025-11-12 17:00:00,23.0,20.57197724213058,20.483068,20.56
2025-11-12 18:00:00,22.0,21.183904179066346,21.530807,21.28
2025-11-12 19:00:00,21.0,22.014493294779665,21.747263,21.2
2025-11-12 20:00:00,16.0,22.485955063520453,21.802656,18.75
2025-11-12 21:00:00,18.0,17.34759768007893,17.912683,18.44
2025-11-12 22:00:00,18.0,19.375117630794758,19.498611,18.29
2025-11-12 23:00:00,13.0,19.889321464258288,18.57411,15.86
2025-11-13 00:00:00,25.0,14.682035332526594,14.162479,20.43
2025-11-13 01:00:00,25.0,22.67352842435772,22.256502,22.94
2025-11-13 02:00:00,27.0,22.97714635488912,20.836828,25.25
2025-11-13 03:00:00,23.0,25.2107476688871,23.421436,24.55
2025-11-13 04:00:00,17.0,23.736851594561305,22.317736,21.21
2025-11-13 05:00:00,21.0,18.006350109152407,17.159588,21.45
2025-11-13 06:00:00,17.0,22.58770793074256,23.011705,19.61
2025-11-13 07:00:00,40.0,19.28410998425196,20.434933,30.24
2025-11-13 08:00:00,44.0,35.95182835795904,42.11582,37.62
2025-11-13 09:00:00,20.0,39.92647463324921,42.596275,28.81
2025-11-13 10:00:00,18.0,22.275137464740816,18.992802,23.9
2025-11-13 11:00:00,13.0,17.244330257010432,16.144756,18.59
2025-11-13 12:00:00,15.0,13.090998898226957,12.202307,16.8
2025-11-13 13:00:00,15.0,15.18466151196407,15.341757,16.04
2025-11-13 14:00:00,15.0,15.002057940766585,14.293563,15.94
2025-11-13 15:00:00,8.0,15.571992987833351,15.4339,12.18
2025-11-13 16:00:00,5.0,11.387855711911646,10.858047,9.02
2025-11-13 17:00:00,12.0,8.63187083407481,8.090645,10.52
2025-11-13 18:00:00,17.0,14.15826288617691,13.804109,13.9
2025-11-13 19:00:00,13.0,17.365052457612453,16.90882,13.59
2025-11-13 20:00:00,16.0,14.78488962997808,15.666366,15.02
2025-11-13 21:00:00,24.0,16.37574924794307,15.894514,19.94
2025-11-13 22:00:00,25.0,21.301103756229697,20.367289,22.48
2025-11-13 23:00:00,29.0,24.313898455902454,23.476368,26.16
2025-11-14 00:00:00,13.0,25.800657726693622,23.606775,19.58
2025-11-14 01:00:00,13.0,14.831358622074509,13.871146,16.65
2025-11-14 02:00:00,17.0,14.64114541548246,13.848878,16.96
2025-11-14 03:00:00,12.0,15.658232016588068,14.8356695,14.84
2025-11-14 04:00:00,10.0,13.880164036901958,12.22791,12.7
2025-11-14 05:00:00,8.0,11.811397591795767,10.796842,10.35
2025-11-14 06:00:00,9.0,9.867974842741537,10.046408,9.68
2025-11-14 07:00:00,15.0,13.415081161458314,15.716798,12.69
2025-11-14 08:00:00,20.0,18.59105546994858,23.773218,16.49
2025-11-14 09:00:00,21.0,18.818097648198403,19.922045,19.17
2025-11-14 10:00:00,19.0,18.856709114329977,18.849573,19.58
2025-11-14 11:00:00,14.0,15.028357528881214,15.385874,16.86
2025-11-14 12:00:00,13.0,12.558714858674696,12.4471245,15.35
2025-11-14 13:00:00,7.0,12.482910115494757,12.380777,11.39
2025-11-14 14:00:00,10.0,9.121322768923623,9.264998,10.69
2025-11-14 15:00:00,22.0,12.57595567974526,11.989798,16.35
2025-11-14 16:00:00,22.0,21.402848455338514,20.562529,19.32
2025-11-14 17:00:00,22.0,20.72066403339178,21.394732,20.94
2025-11-14 18:00:00,14.0,21.306325800983785,20.955315,17.76
2025-11-14 19:00:00,18.0,15.276650805939564,14.759532,18.32
2025-11-14 20:00:00,23.0,17.879960611816465,17.996468,21.09
2025-11-14 21:00:00,22.0,21.895386816183958,22.18323,21.61
2025-11-14 22:00:00,17.0,21.690358304388997,21.906597,19.45
2025-11-14 23:00:00,17.0,18.48991147773491,17.166811,18.22
2025-11-15 00:00:00,14.0,16.275654269405962,15.498241,16.11
2025-11-15 01:00:00,14.0,15.288008273590991,14.86876,15.13
2025-11-15 02:00:00,15.0,15.343780982857144,15.083443,15.37
2025-11-15 03:00:00,15.0,15.563393134260522,14.3131275,15.27
2025-11-15 04:00:00,14.0,14.642867745081576,14.131483,14.74
2025-11-15 05:00:00,10.0,13.978525131396404,12.964328,12.27
2025-11-15 06:00:00,23.0,12.125980991144717,12.904345,17.64
2025-11-15 07:00:00,31.0,20.462653220278682,23.445827,24.32
2025-11-15 08:00:00,30.0,27.24487669807751,29.37945,27.52
2025-11-15 09:00:00,28.0,27.373586488664046,30.232094,28.04
2025-11-15 10:00:00,22.0,24.46488563764445,26.98383,25.02
2025-11-15 11:00:00,21.0,19.343902027907674,20.452023,23.37
2025-11-15 12:00:00,28.0,19.855735414580717,20.841333,25.68
2025-11-15 13:00:00,30.0,25.92079882611228,27.241152,27.93
2025-11-15 14:00:00,39.0,27.628921777956645,27.546135,33.52
2025-11-15 15:00:00,15.0,32.500114360048165,31.55883,24.61
2025-11-15 16:00:00,13.0,18.58990963320329,18.26549,19.16
2025-11-15 17:00:00,12.0,16.138939560271428,15.727442,15.72
2025-11-15 18:00:00,14.0,14.610143829724622,13.251988,15.0
2025-11-15 19:00:00,17.0,15.327839803131432,14.744184,16.23
2025-11-15 20:00:00,25.0,17.962810352984103,18.446573,20.75
2025-11-15 21:00:00,22.0,24.511929343528262,24.815298,21.46
2025-11-15 22:00:00,26.0,21.217010650561164,20.600351,24.14
2025-11-15 23:00:00,14.0,25.13404139964911,24.800457,19.07
2025-11-16 00:00:00,16.0,14.834760194007398,15.026795,17.53
2025-11-16 01:00:00,14.0,16.98520303171338,14.512891,16.11
2025-11-16 02:00:00,6.0,15.734880251037085,15.523203,11.41
2025-11-16 03:00:00,4.0,9.616424102754289,7.6809363,7.98
2025-11-16 04:00:00,2.0,7.4001333317360265,6.352486,5.06
2025-11-16 05:00:00,3.0,5.857375338797253,4.558677,4.25
2025-11-16 06:00:00,5.0,6.4846942036080355,5.456586,4.98
2025-11-16 07:00:00,4.0,8.364471201674426,7.6025276,4.56
2025-11-16 08:00:00,5.0,6.030983755918287,6.4688993,5.14
2025-11-16 09:00:00,9.0,6.401588280654692,7.2895436,7.21
2025-11-16 10:00:00,5.0,9.294501652237656,11.285995,6.32
2025-11-16 11:00:00,12.0,7.693861003006266,7.2530174,9.16
2025-11-16 12:00:00,11.0,13.065742749169141,15.259441,10.22
2025-11-16 13:00:00,4.0,12.568500091373348,12.51506,7.11
2025-11-16 14:00:00,5.0,9.143518615864448,12.18738,6.05
2025-11-16 15:00:00,5.0,7.421940840246172,7.3230953,5.6
2025-11-16 16:00:00,15.0,7.661342581269858,5.7356825,10.3
2025-11-16 17:00:00,7.0,13.186671186943377,13.548372,8.65
2025-11-16 18:00:00,12.0,9.813799149641001,9.067216,10.33
2025-11-16 19:00:00,9.0,13.644196797994368,13.511269,9.66
2025-11-16 20:00:00,8.0,11.839710777765344,9.720806,9.11
2025-11-16 21:00:00,6.0,10.763366791867393,9.584155,7.63
2025-11-16 22:00:00,11.0,9.16290373648454,7.0725646,9.32
2025-11-16 23:00:00,8.0,11.78600250090003,11.124121,8.66
2025-11-17 00:00:00,6.0,9.52149988718985,8.775389,7.33
2025-11-17 01:00:00,5.0,8.318060212581555,7.6078544,6.16
2025-11-17 02:00:00,3.0,6.384908797750688,6.6682076,4.58
2025-11-17 03:00:00,2.0,5.098828883149871,3.96318,3.29
2025-11-17 04:00:00,6.0,4.229798374183615,3.8322072,4.64
2025-11-17 05:00:00,9.0,7.008330480923501,6.188444,6.82
2025-11-17 06:00:00,7.0,8.600406973703818,10.01827,6.91
2025-11-17 07:00:00,9.0,8.977518709743677,9.821172,7.96
2025-11-17 08:00:00,13.0,11.05060519208613,11.908096,10.48
2025-11-17 09:00:00,13.0,13.368842879659057,15.844184,11.74
2025-11-17 10:00:00,10.0,12.964753253860376,15.568377,10.87
2025-11-17 11:00:00,10.0,9.72927471406472,10.4641485,10.44
2025-11-17 12:00:00,11.0,9.96663848526761,10.27203,10.72
2025-11-17 13:00:00,6.0,11.564996812077851,14.705798,8.36
2025-11-17 14:00:00,5.0,7.46531056257412,7.4556317,7.03
2025-11-17 15:00:00,4.0,7.8291258857765005,8.052066,5.81
2025-11-17 16:00:00,8.0,6.892708363979789,7.485304,7.34
2025-11-17 17:00:00,13.0,8.811241048996175,8.841488,10.31
2025-11-17 18:00:00,6.0,12.483333314577449,13.3435545,8.15
2025-11-17 19:00:00,11.0,8.439806003683923,6.72791,9.58
2025-11-17 20:00:00,12.0,12.168600932768388,12.080359,10.94
2025-11-17 21:00:00,19.0,12.342654662836775,12.331884,15.11
2025-11-17 22:00:00,10.0,17.045066573985437,15.489278,12.55
2025-11-17 23:00:00,9.0,11.717361924388467,10.056473,10.91
2025-11-18 00:00:00,8.0,9.942840132715451,9.130626,9.46
2025-11-18 01:00:00,9.0,9.66062034108211,7.649313,9.24
2025-11-18 02:00:00,14.0,9.61221811740204,8.988871,12.05
2025-11-18 03:00:00,14.0,11.257034682395231,11.559578,13.02
2025-11-18 04:00:00,11.0,12.62416853448064,12.479419,12.01
2025-11-18 05:00:00,12.0,12.205313816584594,11.271938,12.23
2025-11-18 06:00:00,24.0,13.588623542197743,13.304811,18.12
2025-11-18 07:00:00,24.0,19.661774351377545,22.613558,21.42
2025-11-18 08:00:00,24.0,23.294340252606567,26.316055,22.71
2025-11-18 09:00:00,22.0,21.991416628223668,22.22399,22.7
2025-11-18 10:00:00,14.0,17.492966334156662,15.606589,18.42
2025-11-18 11:00:00,8.0,13.90714048296326,11.416978,13.27
2025-11-18 12:00:00,1.0,10.178672995156411,9.032668,7.19
2025-11-18 13:00:00,2.0,7.407444622183503,5.3037624,4.59
2025-11-18 14:00:00,4.0,6.704362563210491,4.7307515,4.29
2025-11-18 15:00:00,5.0,7.5647946368762655,7.4360533,4.87
2025-11-18 16:00:00,17.0,7.250776196322697,6.6534677,10.94
2025-11-18 17:00:00,17.0,13.272727560625311,14.061199,14.04
2025-11-18 18:00:00,18.0,14.976247489322056,14.295356,16.02
2025-11-18 19:00:00,17.0,17.12473985581235,16.902975,16.86
2025-11-18 20:00:00,23.0,15.77886393225753,15.274698,19.93
2025-11-18 21:00:00,12.0,22.01607939326897,20.393705,15.96
2025-11-18 22:00:00,22.0,14.109321137119869,12.642036,18.98
2025-11-18 23:00:00,19.0,20.867076896736428,20.046625,18.99
2025-11-19 00:00:00,20.0,17.168367610409764,15.93706,19.5
2025-11-19 01:00:00,12.0,19.995102117020753,20.083557,15.75
2025-11-19 02:00:00,10.0,13.847215591583803,14.095376,12.88
2025-11-19 03:00:00,19.0,11.312474570519404,9.506349,15.94
2025-11-19 04:00:00,20.0,16.587710217969555,15.679923,17.97
2025-11-19 05:00:00,24.0,18.486713839224635,17.696125,20.99
2025-11-19 06:00:00,23.0,23.98590060845709,25.314308,21.99
2025-11-19 07:00:00,33.0,24.871181035379333,26.625074,27.5
2025-11-19 08:00:00,11.0,32.53279772312614,34.660294,19.25
2025-11-19 09:00:00,8.0,16.75187490198199,13.43199,13.62
2025-11-19 10:00:00,12.0,11.519822309889756,8.54096,12.81
2025-11-19 11:00:00,11.0,12.463301411443663,12.252317,11.9
2025-11-19 12:00:00,9.0,11.553641241672993,9.699898,10.45
2025-11-19 13:00:00,6.0,9.971392110946724,9.850874,8.22
2025-11-19 14:00:00,7.0,8.255283855220416,9.013396,7.61
2025-11-19 15:00:00,13.0,9.266031093879498,8.685902,10.31
2025-11-19 16:00:00,9.0,13.092113321635733,12.12378,9.65
2025-11-19 17:00:00,10.0,10.798399450961245,10.596718,10.2
2025-11-19 18:00:00,20.0,11.932987819089353,11.582234,15.52
2025-11-19 19:00:00,19.0,19.615380654879388,18.449482,17.26
2025-11-19 20:00:00,19.0,18.795304216784533,18.332745,18.2
2025-11-19 21:00:00,15.0,17.348148879893817,17.143797,16.6
2025-11-19 22:00:00,14.0,16.446797242909273,15.143248,15.51
2025-11-19 23:00:00,20.0,15.479971007250407,14.718411,17.76
2025-11-20 00:00:00,11.0,18.9973966600775,20.557531,14.38
2025-11-20 01:00:00,15.0,12.125481074601085,12.235617,14.69
2025-11-20 02:00:00,9.0,14.657952849162461,15.145966,11.85
2025-11-20 03:00:00,8.0,11.743349238995435,9.992884,10.35
2025-11-20 04:00:00,16.0,9.969075363527736,8.765845,13.18
2025-11-20 05:00:00,16.0,14.311288768143084,13.826238,14.81
2025-11-20 06:00:00,14.0,16.50840923811085,16.864616,14.4
2025-11-20 07:00:00,21.0,17.889720016813417,19.287292,17.7
2025-11-20 08:00:00,12.0,20.10611262204688,23.626564,14.85
2025-11-20 09:00:00,13.0,14.244070001991172,16.888613,14.37
2025-11-20 10:00:00,27.0,13.760109031364964,12.939896,20.69
2025-11-20 11:00:00,34.0,22.239035941387186,23.959076,27.34
2025-11-20 12:00:00,24.0,26.58698960329099,25.548672,25.67
2025-11-20 13:00:00,26.0,21.9361676688811,21.982475,25.84
2025-11-20 14:00:00,15.0,26.117704363960808,26.783136,20.42
2025-11-20 15:00:00,17.0,16.760211163568535,14.259608,18.71
2025-11-20 16:00:00,20.0,16.749731255836174,16.756601,19.36
2025-11-20 17:00:00,21.0,18.42973673261176,19.175669,20.18
2025-11-20 18:00:00,15.0,20.174171631313435,20.585146,17.59
2025-11-20 19:00:00,20.0,15.995336782390233,15.543934,18.79
2025-11-20 20:00:00,35.0,19.312646173669787,19.591076,26.9
2025-11-20 21:00:00,42.0,29.41297242251757,23.955513,34.45
2025-11-20 22:00:00,45.0,36.24009040737447,36.419384,39.73
2025-11-20 23:00:00,48.0,38.02943484378645,36.368023,43.87
2025-11-21 00:00:00,38.0,40.18148597946403,39.271282,40.93
2025-11-21 01:00:00,59.0,35.00906317338175,35.12438,49.97
2025-11-21 02:00:00,47.0,44.727157021623256,47.37013,48.49
2025-11-21 03:00:00,26.0,43.30767435797019,37.499252,37.25
2025-11-21 04:00:00,21.0,30.3812618201006,25.8482,29.12
2025-11-21 05:00:00,36.0,24.13732940161103,23.840937,32.56
2025-11-21 06:00:00,37.0,33.56373946379096,33.165142,34.78
2025-11-21 07:00:00,45.0,38.2168014782443,39.797924,39.9
2025-11-21 08:00:00,43.0,41.29663851073666,42.44763,41.45
2025-11-21 09:00:00,41.0,40.551957011695904,39.91505,41.22
2025-11-21 10:00:00,25.0,35.85258435728654,38.73193,33.11
2025-11-21 11:00:00,16.0,26.44627127589661,23.703306,24.55
2025-11-21 12:00:00,15.0,20.094860268842606,18.881052,19.77
2025-11-21 13:00:00,15.0,16.948872428155777,16.66903,17.38
2025-11-21 14:00:00,30.0,15.578769910255925,14.517138,23.69
2025-11-21 15:00:00,19.0,25.462496558886986,28.02719,21.34
2025-11-21 16:00:00,20.0,18.460519046505617,17.551716,21.04
2025-11-21 17:00:00,48.0,19.901102834983533,19.47584,34.52
2025-11-21 18:00:00,40.0,33.725098649010256,36.217278,37.26
2025-11-21 19:00:00,19.0,36.89685389026602,34.418755,28.13
2025-11-21 20:00:00,49.0,25.53640552371493,20.656942,38.56
2025-11-21 21:00:00,50.0,39.31797942576942,43.450867,44.28
2025-11-21 22:00:00,45.0,42.82650978710768,43.666,44.64
2025-11-21 23:00:00,40.0,45.45111156292122,44.34442,42.33
2025-11-22 00:00:00,43.0,40.0844205232135,40.3057,42.67
2025-11-22 01:00:00,34.0,40.67912457824377,40.96905,38.34
2025-11-22 02:00:00,18.0,38.022451506458076,32.503544,28.17
2025-11-22 03:00:00,22.0,23.71294269624006,21.853363,25.08
2025-11-22 04:00:00,23.0,23.460041575691733,21.014622,24.04
2025-11-22 05:00:00,19.0,24.143001606167292,23.435532,21.52
2025-11-22 06:00:00,24.0,22.312354893263667,21.766857,22.76
2025-11-22 07:00:00,23.0,26.982000457805864,29.835423,22.88
2025-11-22 08:00:00,23.0,27.74071296035968,29.008942,22.94
2025-11-22 09:00:00,10.0,25.32974933398893,25.349771,16.46
2025-11-22 10:00:00,9.0,12.497458214486233,10.250353,12.73
2025-11-22 11:00:00,6.0,9.766825324590767,8.7935915,9.36
2025-11-22 12:00:00,4.0,8.645309523189606,7.2371902,6.67
2025-11-22 13:00:00,3.0,7.33744655915928,6.92054,4.83
2025-11-22 14:00:00,3.0,7.767630304178176,7.4989915,3.92
2025-11-22 15:00:00,11.0,5.827409228160169,7.9515443,1.95
2025-11-22 16:00:00,19.0,11.624198960062568,16.835505,10.48
2025-11-22 17:00:00,20.0,17.614111964993604,18.612177,15.24
2025-11-22 18:00:00,19.0,19.459485095833024,18.359741,17.12
2025-11-22 19:00:00,17.0,17.728094542128833,18.524725,17.06
2025-11-22 20:00:00,18.0,19.03382021275093,19.037971,17.53
2025-11-22 21:00:00,19.0,19.269894400537016,18.26763,18.27
2025-11-22 22:00:00,15.0,20.317561992142142,18.233072,16.63
2025-11-22 23:00:00,19.0,18.334365045825646,17.085804,17.82
2025-11-23 00:00:00,23.0,19.23529002150867,19.18472,20.41
2025-11-23 01:00:00,29.0,21.45734541500935,21.44791,24.71
2025-11-23 02:00:00,15.0,25.06758506293694,24.951733,19.86
2025-11-23 03:00:00,10.0,16.60745365180644,14.071074,14.93
2025-11-23 04:00:00,12.0,13.39726763558888,11.132338,13.46
2025-11-23 05:00:00,21.0,13.328048704715647,12.301486,17.23
2025-11-23 06:00:00,17.0,19.742109402826387,21.029083,17.12
2025-11-23 07:00:00,10.0,19.729120024792763,21.063995,13.56
2025-11-23 08:00:00,22.0,13.246676664542669,14.759978,17.78
2025-11-23 09:00:00,9.0,20.33166783419345,22.06695,13.39
2025-11-23 10:00:00,22.0,10.684076686778477,10.689872,17.69
2025-11-23 11:00:00,14.0,17.665239769339088,18.6923,15.85
2025-11-23 12:00:00,8.0,14.004684480240845,16.087652,11.92
2025-11-23 13:00:00,5.0,9.747969361850759,10.7925,8.46
2025-11-23 14:00:00,6.0,7.4422764659525775,6.985438,7.23
2025-11-23 15:00:00,13.0,8.524979890403834,8.618092,10.11
2025-11-23 16:00:00,15.0,15.438425293236866,13.9660225,12.56
2025-11-23 17:00:00,15.0,16.550720227652178,15.95198,13.78
2025-11-23 18:00:00,20.0,16.355307481021153,15.48892,16.89
2025-11-23 19:00:00,18.0,17.896718929038403,19.359297,17.45
2025-11-23 20:00:00,10.0,17.62002977440157,18.372398,13.72
2025-11-23 21:00:00,9.0,12.345295353595835,12.5532675,11.36
2025-11-23 22:00:00,9.0,10.790319135804493,10.232651,10.18
2025-11-23 23:00:00,13.0,11.512401829135403,11.280623,11.59
2025-11-24 00:00:00,16.0,12.848061906763249,13.887968,13.8
2025-11-24 01:00:00,5.0,15.59362740245966,15.911814,9.4
2025-11-24 02:00:00,3.0,8.820893225543337,8.183811,6.2
2025-11-24 03:00:00,3.0,6.532855284369707,5.1971793,4.6
2025-11-24 04:00:00,2.0,5.833985157846578,3.8874383,3.3
2025-11-24 05:00:00,2.0,5.812376481860801,4.0745764,2.65
2025-11-24 06:00:00,2.0,5.696104700042513,5.442616,2.32
2025-11-24 07:00:00,18.0,5.063518211932318,4.448517,10.16
2025-11-24 08:00:00,17.0,15.518342625010119,18.732395,13.58
2025-11-24 09:00:00,11.0,15.384322640051314,16.570671,
2025-11-24 10:00:00,7.0,13.891509484774229,13.952263,
2025-11-24 11:00:00,10.0,8.604949478024924,8.658019,
2025-11-24 12:00:00,10.0,10.602864494205312,11.041631,10.89
2025-11-24 13:00:00,21.0,13.717310156803153,13.432137,15.95
2025-11-24 14:00:00,17.0,17.984450931383048,19.39913,16.48
2025-11-24 15:00:00,20.0,15.742067165578788,15.779088,18.25
2025-11-24 16:00:00,23.0,18.13867538164468,18.499092,20.64
2025-11-24 17:00:00,19.0,20.964309528882463,21.81648,19.83
2025-11-24 18:00:00,22.0,17.888326631990044,17.45424,20.92
2025-11-24 19:00:00,27.0,22.70152821887032,21.71229,23.97
2025-11-24 20:00:00,22.0,25.114369278373182,25.108206,22.99
2025-11-24 21:00:00,24.0,21.970132490551922,20.464138,23.49
2025-11-24 22:00:00,44.0,23.359616463559355,21.18313,33.75
2025-11-24 23:00:00,33.0,35.60085801710337,38.17954,33.38
2025-11-25 00:00:00,33.0,30.85083149734066,27.979158,33.19
2025-11-25 01:00:00,32.0,32.03879313131292,31.32148,32.6
2025-11-25 02:00:00,23.0,30.395784973538763,30.48284,27.8
2025-11-25 03:00:00,13.0,23.408511526690415,22.064495,20.4
2025-11-25 04:00:00,11.0,17.950639835686562,14.6819,15.7
2025-11-25 05:00:00,17.0,14.393648676271681,9.74874,16.35
2025-11-25 06:00:00,19.0,16.597316801288695,14.921989,17.67
2025-11-25 07:00:00,28.0,20.229514824624808,21.290634,22.84
2025-11-25 08:00:00,27.0,27.431453729084577,31.608679,24.92
2025-11-25 09:00:00,12.0,25.631578006184895,28.32024,18.46
2025-11-25 10:00:00,7.0,14.235128299483383,13.637707,12.72
2025-11-25 11:00:00,2.0,9.914629212983517,7.585456,7.36
2025-11-25 12:00:00,13.0,6.723990452296808,4.934753,10.18
2025-11-25 13:00:00,11.0,15.929256024978631,17.23695,14.52
2025-11-25 14:00:00,2.0,12.96365757480695,12.914206,
2025-11-25 15:00:00,11.0,6.438928762867954,4.775024,8.54
2025-11-25 16:00:00,11.0,12.20092581377433,12.334277,9.77
2025-11-25 17:00:00,6.0,13.129924539019871,13.70107,7.88
2025-11-25 18:00:00,6.0,8.329507003889326,7.6794033,6.94
2025-11-25 19:00:00,15.0,8.9999984471375,7.7654715,10.97
2025-11-25 20:00:00,12.0,14.538205429975358,14.605083,11.48
2025-11-25 21:00:00,8.0,14.080182380354891,13.599491,9.74
2025-11-25 22:00:00,15.0,12.353467991020933,11.794697,12.37
2025-11-25 23:00:00,8.0,15.973407977025989,15.946145,10.19
2025-11-26 00:00:00,13.0,10.38510344441933,10.151739,11.59
2025-11-26 01:00:00,10.0,13.641100643782664,14.808206,10.8
2025-11-26 02:00:00,11.0,11.166837436088485,11.377218,10.9
2025-11-26 03:00:00,15.0,11.876051993796805,11.259222,12.95
2025-11-26 04:00:00,11.0,12.914111717376255,12.434668,11.98
2025-11-26 05:00:00,8.0,13.946353531674054,12.249353,9.99
2025-11-26 06:00:00,17.0,10.00278878513508,10.596438,13.5
2025-11-26 07:00:00,15.0,17.72852700837303,19.599014,14.25
2025-11-26 08:00:00,15.0,18.08347140284408,18.55368,14.62
2025-11-26 09:00:00,7.0,16.09663716757078,16.980654,10.81
2025-11-26 10:00:00,5.0,9.91861816975999,8.791709,7.9
2025-11-26 11:00:00,5.0,6.147364170295947,5.0489845,6.45
2025-11-26 12:00:00,4.0,6.416270095065773,5.8188505,5.22
2025-11-26 13:00:00,3.0,6.162279855209394,6.6546817,4.11
2025-11-26 14:00:00,5.0,4.106745476520299,4.9035115,4.56
2025-11-26 15:00:00,4.0,6.969803404919075,6.3801003,4.28
2025-11-26 16:00:00,9.0,6.505324055333422,8.911725,6.64
2025-11-26 17:00:00,11.0,8.150362861912187,9.762246,8.82
2025-11-26 18:00:00,6.0,10.491607876849079,10.343778,7.41
2025-11-26 19:00:00,11.0,9.09830326631728,7.1598434,9.2
2025-11-26 20:00:00,8.0,11.296979120082263,12.121624,8.6
2025-11-26 21:00:00,12.0,9.623202422361565,8.436214,10.3
2025-11-26 22:00:00,14.0,12.850928275516317,12.793084,12.15
2025-11-26 23:00:00,11.0,14.329710535747557,13.607313,11.58
2025-11-27 00:00:00,15.0,12.676763540348064,12.150406,13.29
2025-11-27 01:00:00,13.0,13.682667272084675,13.971641,13.15
2025-11-27 02:00:00,11.0,13.459573664091186,13.018981,12.07
2025-11-27 03:00:00,10.0,12.66584591283724,11.317339,11.04
2025-11-27 04:00:00,7.0,10.867096678240532,9.956317,9.02
2025-11-27 05:00:00,9.0,8.558078435833039,7.2241073,9.01
2025-11-27 06:00:00,11.0,11.68041032812557,11.835438,10.01
2025-11-27 07:00:00,9.0,13.26235452097637,14.616237,9.5
2025-11-27 08:00:00,9.0,12.121686521141775,13.231975,9.25
2025-11-27 09:00:00,12.0,10.135126515494473,11.845555,10.63
2025-11-27 10:00:00,11.0,11.085743924635967,11.364147,13.03
2025-11-27 11:00:00,15.0,10.899348728603334,11.350937,14.33
2025-11-27 12:00:00,13.0,13.480845661473849,14.150968,13.87
2025-11-27 13:00:00,11.0,12.895891550399698,14.236343,8.1
2025-11-27 14:00:00,6.0,11.126824612527836,11.258795,7.05
2025-11-27 15:00:00,16.0,7.711746901965483,6.8387213,11.53
2025-11-27 16:00:00,27.0,14.929201176288391,13.737288,19.27
2025-11-27 17:00:00,19.0,22.468708135083794,21.518644,19.13
2025-11-27 18:00:00,20.0,17.30177689844992,16.09939,19.57
2025-11-27 19:00:00,23.0,18.533694670627582,20.251484,21.29
2025-11-27 20:00:00,38.0,21.02343968076876,21.810148,29.65
2025-11-27 21:00:00,26.0,32.80527087719372,34.756454,27.82
2025-11-27 22:00:00,16.0,26.587195432270605,25.799316,21.91
2025-11-27 23:00:00,13.0,18.688038099186258,17.144594,17.46
2025-11-28 00:00:00,17.0,15.119055070046945,14.9564085,17.23
2025-11-28 01:00:00,16.0,16.611190552966054,16.871014,16.62
2025-11-28 02:00:00,13.0,16.335126840693423,16.653992,14.81
2025-11-28 03:00:00,18.0,13.9348077215923,12.716911,16.4
2025-11-28 04:00:00,13.0,14.698725591975771,13.180348,14.7
2025-11-28 05:00:00,14.0,14.013748144913038,12.431415,14.35
2025-11-28 06:00:00,18.0,15.866149807702456,14.891434,16.17
2025-11-28 07:00:00,18.0,16.469726288393836,18.931812,17.09
2025-11-28 08:00:00,14.0,17.5417193164517,19.433062,15.54
2025-11-28 09:00:00,14.0,15.371907440486094,16.069551,15.19
2025-11-28 10:00:00,17.0,14.233064745790461,13.643301,15.7
2025-11-28 11:00:00,8.0,14.067314551002335,13.333668,11.94
2025-11-28 12:00:00,9.0,9.937914748648613,9.421997,10.47
2025-11-28 13:00:00,7.0,10.354538561614238,10.275463,8.73
2025-11-28 14:00:00,9.0,8.641134328927915,8.519584,8.87
2025-11-28 15:00:00,14.0,9.94596616984288,10.306955,11.43
2025-11-28 16:00:00,10.0,13.896330137204872,13.677494,10.72
2025-11-28 17:00:00,15.0,11.814327707040487,11.583756,12.86
2025-11-28 18:00:00,15.0,15.223362686714788,14.278874,13.93
2025-11-28 19:00:00,12.0,16.19089109472382,15.177736,12.96
2025-11-28 20:00:00,17.0,15.596650376861726,14.746472,14.98
2025-11-28 21:00:00,12.0,17.577693151276623,16.89292,13.49
2025-11-28 22:00:00,16.0,13.995845763917783,13.304234,14.75
2025-11-28 23:00:00,37.0,16.037382406034027,14.698258,25.88
2025-11-29 00:00:00,34.0,23.819099333078434,26.414454,29.94
2025-11-29 01:00:00,32.0,28.076732135661114,26.17873,30.97
2025-11-29 02:00:00,29.0,29.23851372691552,28.559027,29.99
2025-11-29 03:00:00,19.0,27.431143885765245,25.820915,24.5
2025-11-29 04:00:00,23.0,20.986481414896307,16.865747,23.75
2025-11-29 05:00:00,24.0,23.56889632120196,20.750124,23.88
2025-11-29 06:00:00,18.0,26.091852176249038,26.660347,20.94
2025-11-29 07:00:00,23.0,21.893744909756748,22.811476,21.97
2025-11-29 08:00:00,25.0,24.912178305761053,26.623308,23.49
2025-11-29 09:00:00,20.0,25.59730491005968,28.355675,21.74
2025-11-29 10:00:00,12.0,19.989264073898237,23.061316,16.87
2025-11-29 11:00:00,15.0,14.381141818555065,13.928454,15.93
2025-11-29 12:00:00,19.0,14.652601416829212,17.278063,17.46
2025-11-29 13:00:00,28.0,17.635169845944954,20.042456,22.73
2025-11-29 14:00:00,13.0,24.528028425820494,24.737774,17.86
2025-11-29 15:00:00,14.0,15.323195534397183,17.857628,15.93
2025-11-29 16:00:00,14.0,14.50950235867001,13.97527,14.96
2025-11-29 17:00:00,14.0,15.45212882478282,15.2978325,14.48
2025-11-29 18:00:00,12.0,15.369387796233177,15.302947,13.24
2025-11-29 19:00:00,21.0,13.759662141386762,13.24391,17.12
2025-11-29 20:00:00,19.0,19.3365484517019,19.007032,18.06
2025-11-29 21:00:00,16.0,18.034604602721927,17.278584,17.03
2025-11-29 22:00:00,7.0,16.073244889531775,15.317848,12.01
2025-11-29 23:00:00,20.0,11.81409554497708,9.273117,16.01
2025-11-30 00:00:00,24.0,18.293175588196508,19.653946,20.0
2025-11-30 01:00:00,23.0,20.725504104437647,20.866629,21.5
2025-11-30 02:00:00,25.0,20.783597877658643,21.29735,23.25
2025-11-30 03:00:00,20.0,23.363422598126924,21.480625,21.63
2025-11-30 04:00:00,20.0,19.188497197494716,19.26902,20.81
2025-11-30 05:00:00,27.0,20.59646551109812,19.94094,23.91
2025-11-30 06:00:00,25.0,27.538895262139167,29.043207,24.46
2025-11-30 07:00:00,32.0,27.7206133193358,29.749552,28.23
2025-11-30 08:00:00,32.0,34.75601303870412,36.685345,30.12
2025-11-30 09:00:00,41.0,32.37686242221749,33.414215,35.56
2025-11-30 10:00:00,16.0,36.95111731022308,38.746147,25.78
2025-11-30 11:00:00,16.0,19.578138984199562,18.856245,20.89
2025-11-30 12:00:00,20.0,18.894000491501263,18.183304,20.44
2025-11-30 13:00:00,24.0,19.188058983246094,20.159092,22.22
2025-11-30 14:00:00,23.0,21.843944509633847,21.91498,22.61
2025-11-30 15:00:00,15.0,21.276684263127997,21.615204,18.8
2025-11-30 16:00:00,10.0,16.358985532447036,15.2129545,14.4
2025-11-30 17:00:00,12.0,12.596746260593822,10.910121,13.2
2025-11-30 18:00:00,8.0,13.720621014297878,13.352419,10.6
2025-11-30 19:00:00,11.0,10.365040435430851,9.641006,10.8
2025-11-30 20:00:00,9.0,13.354903213283345,12.440868,9.9
2025-11-30 21:00:00,18.0,11.49189490830519,11.405662,13.94
2025-11-30 22:00:00,14.0,15.728229568791471,15.380549,13.97
2025-11-30 23:00:00,13.0,15.502821051177113,14.372753,13.49
2025-12-01 00:00:00,20.0,14.91152855930388,14.019718,16.74
2025-12-01 01:00:00,24.0,17.337195669835793,17.837095,20.37
2025-12-01 02:00:00,23.0,20.805398546313864,21.515144,21.69
2025-12-01 03:00:00,20.0,21.00575452607456,20.840454,20.84
2025-12-01 04:00:00,23.0,19.5845703381881,18.901281,21.92
2025-12-01 05:00:00,21.0,23.327634031992446,22.78745,21.46
2025-12-01 06:00:00,24.0,23.17685283754986,23.764711,22.73
2025-12-01 07:00:00,30.0,26.462292672653103,27.205397,26.37
2025-12-01 08:00:00,43.0,31.72277271713283,32.740616,34.69
2025-12-01 09:00:00,53.0,41.10621734956271,45.98837,43.85
2025-12-01 10:00:00,43.0,44.21808785217271,47.266346,43.43
2025-12-01 11:00:00,17.0,37.64057086472416,38.932423,30.21
2025-12-01 12:00:00,9.0,21.51737290591648,18.24332,19.61
2025-12-01 13:00:00,11.0,17.151515566281066,12.531396,15.3
2025-12-01 14:00:00,8.0,14.723345966443514,13.095978,11.65
2025-12-01 15:00:00,7.0,11.563580824772929,9.058729,9.32
2025-12-01 16:00:00,9.0,9.209877287912684,11.386144,9.16
2025-12-01 17:00:00,6.0,10.980710794364192,11.059908,7.58
2025-12-01 18:00:00,9.0,8.82761996889143,7.602726,8.29
2025-12-01 19:00:00,15.0,11.16285428199424,11.069412,11.64
2025-12-01 20:00:00,20.0,14.092532157338196,14.752774,15.82
2025-12-01 21:00:00,17.0,18.559822364027507,19.549353,16.4
2025-12-01 22:00:00,14.0,16.076361957940183,15.248977,15.2
2025-12-01 23:00:00,19.0,15.07244230259119,14.5653105,17.1
2025-12-02 00:00:00,11.0,17.34634239383126,18.087671,14.05
2025-12-02 01:00:00,14.0,13.998922945234414,12.031003,14.03
2025-12-02 02:00:00,10.0,15.036942418153814,14.735899,12.01
2025-12-02 03:00:00,6.0,11.981620942499688,10.075146,9.01
2025-12-02 04:00:00,4.0,8.617630007054528,7.937984,6.5
2025-12-02 05:00:00,10.0,6.601802646922951,6.5744586,8.25
2025-12-02 06:00:00,19.0,12.09058713599431,12.331136,13.63
2025-12-02 07:00:00,17.0,17.748313385910702,18.062918,15.31
2025-12-02 08:00:00,38.0,20.49964153169785,22.515854,26.66
2025-12-02 09:00:00,47.0,31.81107516277162,40.451,36.83
2025-12-02 10:00:00,22.0,37.17848261685316,42.441174,29.42
2025-12-02 11:00:00,3.0,22.730968821324613,21.764038,16.21
2025-12-02 12:00:00,1.0,15.052427084658037,11.353995,8.6
2025-12-02 13:00:00,3.0,8.35742661771559,5.3030357,5.8
2025-12-02 14:00:00,4.0,8.042468271242054,7.181455,4.9
2025-12-02 15:00:00,5.0,8.076503305348783,6.5917063,4.95
2025-12-02 16:00:00,6.0,8.23941026029115,7.4048033,5.47
2025-12-02 17:00:00,13.0,6.894705717140662,7.1245775,9.24
2025-12-02 18:00:00,18.0,12.555567768962423,12.460168,13.62
2025-12-02 19:00:00,10.0,16.897705083674065,16.266338,11.81
2025-12-02 20:00:00,17.0,12.850891175432624,12.180159,14.4
2025-12-02 21:00:00,12.0,16.502132281159263,16.094873,13.2
2025-12-02 22:00:00,11.0,13.698408847655681,12.284982,12.1
2025-12-02 23:00:00,11.0,13.880289528913972,12.316167,11.55
2025-12-03 00:00:00,9.0,11.858619325142739,10.382077,10.28
2025-12-03 01:00:00,8.0,10.700781759083517,10.170626,9.14
2025-12-03 02:00:00,18.0,9.627581286523672,9.51106,13.57
2025-12-03 03:00:00,20.0,12.999412292294346,13.078206,16.79
2025-12-03 04:00:00,7.0,15.812256391322931,16.001797,11.89
2025-12-03 05:00:00,22.0,10.09239290531129,9.614826,16.95
2025-12-03 06:00:00,13.0,19.661356582062115,23.488228,14.97
2025-12-03 07:00:00,13.0,15.952039590787571,16.149387,13.99
2025-12-03 08:00:00,30.0,16.60828765111593,19.4567,22.0
2025-12-03 09:00:00,11.0,27.801512622897388,35.237026,16.5
2025-12-03 10:00:00,7.0,14.598551025032577,15.869741,11.75
2025-12-03 11:00:00,5.0,8.94230176024704,6.755848,8.37
2025-12-03 12:00:00,3.0,6.202090516457761,5.26907,5.69
2025-12-03 13:00:00,1.0,5.199563206198736,5.2920423,3.34
2025-12-03 14:00:00,19.0,5.255757652624088,4.7489114,15.98
2025-12-03 15:00:00,13.5,13.170117877500962,13.498753,
2025-12-03 16:00:00,8.0,12.32836204568355,12.171858,4.83
2025-12-03 17:00:00,13.0,10.113678942007066,9.427126,8.91
2025-12-03 18:00:00,14.0,13.553570613381217,13.840707,11.46
2025-12-03 19:00:00,15.0,14.93263117313989,14.158767,13.23
2025-12-03 20:00:00,17.0,16.6752187616164,15.929814,15.11
2025-12-03 21:00:00,18.0,16.03449255300686,16.029129,16.56
2025-12-03 22:00:00,19.0,16.590295281551526,16.488556,17.78
2025-12-03 23:00:00,19.0,17.5716891421945,17.115192,18.39
2025-12-04 00:00:00,10.0,16.967127105831576,17.033682,14.2
2025-12-04 01:00:00,15.0,11.740068532408268,12.560805,14.6
2025-12-04 02:00:00,13.0,15.105437099724426,14.555028,13.8
2025-12-04 03:00:00,18.0,13.732334249075556,12.063644,15.9
2025-12-04 04:00:00,21.0,15.680635097438829,14.522791,18.45
2025-12-04 05:00:00,45.0,19.553444858031998,18.691269,31.73
2025-12-04 06:00:00,29.0,33.67884240452496,35.60044,30.37
2025-12-04 07:00:00,45.0,29.86079511150275,31.58831,37.69
2025-12-04 08:00:00,32.0,42.26668938504495,46.070183,34.85
2025-12-04 09:00:00,17.0,33.328224956111576,30.380905,25.92
2025-12-04 10:00:00,13.0,20.992102498650166,19.406704,19.46
2025-12-04 11:00:00,15.0,15.308052645249889,14.373266,17.23
2025-12-04 12:00:00,19.0,14.983102243177829,13.584423,18.12
2025-12-04 13:00:00,9.0,16.329100919178945,17.451864,13.56
2025-12-04 14:00:00,10.0,12.336390491146902,11.978325,11.78
2025-12-04 15:00:00,7.0,11.195413910217857,11.031838,9.39
2025-12-04 16:00:00,8.0,8.443875958392262,8.272556,8.69
2025-12-04 17:00:00,10.0,10.406027680055741,10.630876,9.34
2025-12-04 18:00:00,20.0,13.245498316499216,11.885699,14.67
2025-12-04 19:00:00,21.0,18.439567037475946,18.419807,17.83
2025-12-04 20:00:00,17.0,20.0861717718915,20.364307,17.41
2025-12-04 21:00:00,18.0,16.234605731357096,16.10841,17.71
2025-12-04 22:00:00,27.0,18.19934222557302,17.60372,22.36
2025-12-04 23:00:00,17.0,24.78913211501538,25.970354,19.68
2025-12-05 00:00:00,22.0,16.747707357989203,18.64142,20.84
2025-12-05 01:00:00,25.0,21.00358940452383,22.179108,22.92
2025-12-05 02:00:00,11.0,22.087133446258612,21.711555,16.96
2025-12-05 03:00:00,11.0,13.744474597928004,12.28568,13.98
2025-12-05 04:00:00,7.0,13.827251828545227,12.32557,10.49
2025-12-05 05:00:00,16.0,12.221871762220538,10.781035,13.25
2025-12-05 06:00:00,13.0,15.987705507624636,17.116695,13.12
2025-12-05 07:00:00,14.0,17.479775373556684,18.645466,13.56
2025-12-05 08:00:00,12.0,18.529972755802774,19.66529,12.78
2025-12-05 09:00:00,13.0,14.943407250542293,17.312223,12.89
2025-12-05 10:00:00,10.0,13.943656341005958,13.790243,11.44
2025-12-05 11:00:00,17.0,11.555972107118913,12.43094,14.22
2025-12-05 12:00:00,19.0,16.467788927354917,17.4188,16.61
2025-12-05 13:00:00,15.0,17.417090223621503,16.87973,15.8
2025-12-05 14:00:00,14.0,14.915899065673804,14.543945,14.9
2025-12-05 15:00:00,35.0,14.068620327204016,13.420093,24.95
2025-12-05 16:00:00,30.0,25.41632358909478,25.603302,27.48
2025-12-05 17:00:00,32.0,26.893012534530023,23.30446,29.74
2025-12-05 18:00:00,27.0,29.825619980650565,29.437967,28.37
2025-12-05 19:00:00,22.0,26.359287252742664,25.973694,25.19
2025-12-05 20:00:00,16.0,22.298825987203067,20.350733,20.59
2025-12-05 21:00:00,26.0,18.708922058879917,15.493362,23.3
2025-12-05 22:00:00,27.0,26.079650015563267,24.896671,25.15
2025-12-05 23:00:00,29.0,26.17666079471529,26.049868,27.08
2025-12-06 00:00:00,25.0,25.846564098739588,28.540848,26.04
2025-12-06 01:00:00,32.0,24.94552537090023,24.850426,29.02
2025-12-06 02:00:00,25.0,27.151228156164137,26.74816,27.01
2025-12-06 03:00:00,27.0,25.962120447434813,22.876638,27.01
2025-12-06 04:00:00,32.0,26.4700836394417,26.464277,29.5
2025-12-06 05:00:00,30.0,30.27242087020698,29.383236,29.75
2025-12-06 06:00:00,34.0,29.994891728153963,31.491879,31.88
2025-12-06 07:00:00,35.0,32.58539439708066,34.811035,33.44
2025-12-06 08:00:00,45.0,37.21518559221047,38.419693,38.39
2025-12-06 09:00:00,37.0,41.87680581545224,44.223545,37.78
2025-12-06 10:00:00,23.0,34.77796801138518,36.144314,30.69
2025-12-06 11:00:00,30.0,21.319345835502354,21.91086,30.36
2025-12-06 12:00:00,15.0,27.942440992667983,28.820671,22.64
2025-12-06 13:00:00,29.0,17.18181029105001,14.817806,25.82
2025-12-06 14:00:00,15.0,27.288937849508173,28.174646,20.41
2025-12-06 15:00:00,17.0,17.907546905295042,18.050894,18.7
2025-12-06 16:00:00,14.0,17.52453699653186,19.451,16.35
2025-12-06 17:00:00,16.0,16.482081223699165,16.262268,16.17
2025-12-06 18:00:00,13.0,17.222779390302794,15.632931,14.58
2025-12-06 19:00:00,17.0,15.135550543137116,14.524866,15.79
2025-12-06 20:00:00,23.0,16.26166827336122,15.165759,19.39
2025-12-06 21:00:00,26.0,21.472935235216134,21.488367,22.69
2025-12-06 22:00:00,33.0,25.267922028058116,25.398645,27.85
2025-12-06 23:00:00,25.0,30.69291811385748,31.512386,26.42
2025-12-07 00:00:00,24.0,24.711509392005976,24.275492,25.21
2025-12-07 01:00:00,22.0,23.79600687761344,23.728039,23.61
2025-12-07 02:00:00,21.0,22.987529217529637,23.240192,22.3
2025-12-07 03:00:00,20.0,21.762554487140516,20.491316,21.15
2025-12-07 04:00:00,16.0,21.70201674418627,21.225357,18.58
2025-12-07 05:00:00,28.0,18.13738311721256,17.486153,23.29
2025-12-07 06:00:00,31.0,29.620923412891536,31.75764,27.15
2025-12-07 07:00:00,28.0,31.53750143875255,31.527842,27.57
2025-12-07 08:00:00,26.0,31.629266928256552,32.11043,26.79
2025-12-07 09:00:00,28.0,29.35646280297124,30.505302,27.39
2025-12-07 10:00:00,27.0,25.583206519842506,26.71508,27.19
2025-12-07 11:00:00,4.0,25.054128730576416,25.232632,15.6
2025-12-07 12:00:00,6.0,13.441737299422593,7.1746497,10.8
2025-12-07 13:00:00,11.0,9.291802144384077,8.455473,10.9
2025-12-07 14:00:00,12.0,14.247338421861855,12.471913,11.45
2025-12-07 15:00:00,11.0,12.60345785332677,12.674497,11.22
2025-12-07 16:00:00,9.0,11.745447731174341,12.060504,10.11
2025-12-07 17:00:00,10.0,10.62595695971729,11.021459,10.05
2025-12-07 18:00:00,13.0,12.715147452823299,12.457484,11.52
2025-12-07 19:00:00,18.0,14.80807874412631,14.172137,14.76
2025-12-07 20:00:00,25.0,18.634071789800426,17.631083,19.88
2025-12-08 03:00:00,57.0,21.54450792243587,18.320549,77.19
2025-12-08 04:00:00,57.0,34.756987318636064,41.366776,67.1
2025-12-08 05:00:00,47.0,42.54739043266435,45.483936,57.05
2025-12-08 06:00:00,50.0,42.42688845667804,42.577084,53.53
2025-12-08 07:00:00,54.0,45.74921685472067,47.895966,53.77
2025-12-08 08:00:00,55.0,49.8333076732602,55.304596,54.39
2025-12-08 09:00:00,61.0,50.71302501301373,52.481808,57.69
2025-12-08 10:00:00,45.0,48.7619687452409,51.558037,51.34
2025-12-08 11:00:00,23.0,41.08896380459892,37.159084,37.16
2025-12-08 12:00:00,22.0,24.852666334805424,20.715376,29.57
2025-12-08 13:00:00,16.0,23.361806593355197,21.542454,22.77
2025-12-08 14:00:00,11.0,18.416273933965783,16.836182,16.88
2025-12-08 15:00:00,9.0,14.8217710491176,12.084062,12.93
2025-12-08 16:00:00,11.0,11.093317897336084,11.229836,11.96
2025-12-08 17:00:00,10.0,13.24635334345503,12.7764435,10.98
2025-12-08 18:00:00,8.0,12.775194107982143,11.635907,9.48
2025-12-08 19:00:00,11.0,10.780040157593946,9.506673,10.24
2025-12-08 20:00:00,18.0,12.921373995844242,12.327962,14.11
2025-12-08 21:00:00,16.0,16.78059595230497,16.38956,15.05
2025-12-08 22:00:00,17.0,15.614607820852775,15.176276,16.02
2025-12-08 23:00:00,19.0,15.73365685148224,16.525305,17.51
2025-12-09 00:00:00,18.0,16.931926584024964,17.868996,17.75
2025-12-09 01:00:00,17.0,17.69355799471141,18.247725,17.38
2025-12-09 02:00:00,17.0,18.531188961340522,16.309092,17.19
2025-12-09 03:00:00,17.0,19.395847966842055,15.287879,17.1
2025-12-09 04:00:00,19.0,19.343786922929954,15.38106,18.05
2025-12-09 05:00:00,25.0,20.375027637818903,18.682388,21.53
2025-12-09 06:00:00,30.0,27.1260579916183,30.457438,25.77
2025-12-09 07:00:00,42.0,32.625122574273036,35.295795,33.89
2025-12-09 08:00:00,49.0,41.35857635613612,45.391285,41.45
2025-12-09 09:00:00,48.0,47.889975165368796,51.58241,44.73
2025-12-09 10:00:00,31.0,46.79710875053163,47.361042,37.87
2025-12-09 11:00:00,21.0,30.430952344881316,27.696638,29.43
2025-12-09 12:00:00,23.0,21.783129503434694,20.34579,26.22
2025-12-09 13:00:00,13.0,22.08160901762493,20.995295,19.61
2025-12-09 14:00:00,22.0,16.051673106076432,13.368704,20.8
2025-12-09 15:00:00,37.0,21.459735449376076,23.303766,28.9
2025-12-09 16:00:00,23.0,29.773381187050994,29.689342,25.95
2025-12-09 17:00:00,29.0,21.131883155300727,19.906216,27.48
2025-12-09 18:00:00,28.0,25.698704501907436,25.993784,27.74
2025-12-09 19:00:00,29.0,27.306325889521105,26.038479,28.37
2025-12-09 20:00:00,37.0,27.137883387932884,28.27787,32.68
2025-12-09 21:00:00,36.0,32.403827432809805,33.42629,34.34
2025-12-09 22:00:00,26.0,32.355994301735585,31.961039,30.17
2025-12-09 23:00:00,26.0,27.728060287285626,25.796387,28.09
2025-12-10 00:00:00,15.0,27.468351737838297,27.474213,21.54
2025-12-10 01:00:00,25.0,17.91950152282757,15.519059,23.27
2025-12-10 02:00:00,15.0,25.128361711381793,27.667017,19.14
2025-12-10 03:00:00,15.0,17.174465287023523,14.85041,17.06
2025-12-10 04:00:00,11.0,16.079658439510265,15.398484,14.03
2025-12-10 05:00:00,17.0,14.507506524712383,12.780598,15.51
2025-12-10 06:00:00,27.0,17.854132805671256,17.276155,21.26
2025-12-10 07:00:00,31.0,26.773128167906307,29.339931,26.13
2025-12-10 08:00:00,38.0,32.52143630250921,33.719852,32.06
2025-12-10 09:00:00,23.0,36.60941556855069,36.783997,27.53
2025-12-10 10:00:00,7.0,22.18020978318041,19.66551,17.26
2025-12-10 11:00:00,2.0,14.108350028234208,8.658178,9.63
2025-12-10 12:00:00,8.0,8.830127778699447,3.9143221,8.81
2025-12-10 13:00:00,9.0,10.3037071345993,11.508029,8.9
2025-12-10 14:00:00,12.0,10.270571017355218,11.18437,10.45
2025-12-10 15:00:00,10.0,12.929187659522368,13.789799,10.23
2025-12-10 16:00:00,10.0,10.536531337552612,10.849556,10.11
2025-12-10 17:00:00,9.0,11.409024326812943,11.092276,9.56
2025-12-10 18:00:00,7.0,9.795401444137712,10.777456,8.28
2025-12-10 19:00:00,14.0,10.079846596691965,8.825979,11.14
2025-12-10 20:00:00,12.0,15.472037619762057,16.512161,11.56
2025-12-10 21:00:00,13.0,14.600544950162385,14.390816,12.28
2025-12-10 22:00:00,20.0,15.443238562968762,13.642475,16.14
2025-12-10 23:00:00,12.0,18.45691132741298,19.372255,14.07
2025-12-11 00:00:00,9.0,13.41213163998316,13.383703,11.54
2025-12-11 01:00:00,13.0,11.190198586319802,10.098783,12.27
2025-12-11 02:00:00,15.0,12.761492770058064,13.353435,13.63
2025-12-11 03:00:00,12.0,14.40178164584718,11.907464,12.82
2025-12-11 04:00:00,10.0,13.58568213626073,12.97726,11.41
2025-12-11 05:00:00,9.0,11.599958899311341,10.802648,10.2
2025-12-11 06:00:00,19.0,11.739489626554494,11.793167,14.6
2025-12-11 07:00:00,27.0,20.110110692030165,20.530867,20.8
2025-12-11 08:00:00,15.0,25.611883672540166,26.74668,17.9
2025-12-11 09:00:00,11.0,17.37342347095831,19.925488,14.45
2025-12-11 10:00:00,11.0,12.317904480948474,12.051724,12.72
2025-12-11 11:00:00,9.0,11.290524208826223,10.26541,10.86
2025-12-11 12:00:00,6.0,9.49719893017668,8.688295,8.43
2025-12-11 13:00:00,6.0,8.546768136363177,8.695654,7.21
2025-12-11 14:00:00,12.0,7.073733390161544,7.458754,9.61
2025-12-11 15:00:00,8.0,11.964165444952025,11.39279,8.8
2025-12-11 16:00:00,6.0,9.636107575041429,9.321514,7.4
2025-12-11 17:00:00,11.0,8.536535997775202,7.5093417,9.2
2025-12-11 18:00:00,8.0,11.870556416529213,11.593019,8.6
2025-12-11 19:00:00,13.0,10.255973047865089,9.759044,10.8
2025-12-11 20:00:00,16.0,14.157078309975624,13.996518,13.4
2025-12-11 21:00:00,10.0,16.295032250414543,14.919591,11.7
2025-12-11 22:00:00,19.0,12.883746354066494,11.424176,15.35
2025-12-11 23:00:00,23.0,16.371322508476492,16.57149,19.18
2025-12-12 00:00:00,9.0,19.288379668928425,21.112165,14.09
2025-12-12 01:00:00,19.0,11.575894653640267,11.600267,16.55
2025-12-12 02:00:00,15.0,16.657725481905015,18.079596,15.77
2025-12-12 03:00:00,26.0,15.143852888941508,13.110904,20.89
2025-12-12 04:00:00,20.0,21.42017224368592,21.911682,20.45
2025-12-12 05:00:00,13.0,19.774894060879827,19.46509,16.72
2025-12-12 06:00:00,24.0,16.081952855913233,16.702265,20.36
2025-12-12 07:00:00,17.0,24.680784641131762,26.600096,18.68
2025-12-12 08:00:00,14.0,18.164446275590976,18.777508,16.34
2025-12-12 09:00:00,13.0,15.67300414095564,19.703056,14.67
2025-12-12 10:00:00,7.5,13.732655375351731,11.796671,7.33
2025-12-12 11:00:00,2.0,9.040849665339637,8.153088,4.66
2025-12-12 12:00:00,5.0,6.462616990439031,4.769825,4.83
2025-12-12 13:00:00,24.0,7.316660086282199,6.79922,20.81
2025-12-12 14:00:00,18.0,17.452820838527025,20.029099,19.68
2025-12-12 15:00:00,17.0,14.163459671546958,14.556233,
2025-12-12 16:00:00,8.0,14.842224262827482,14.217954,9.45
2025-12-12 17:00:00,8.0,10.830989107023829,10.403911,8.72
2025-12-12 18:00:00,10.0,10.193236522338937,9.068173,9.35
2025-12-12 19:00:00,14.0,12.940780009666366,11.812539,11.68
2025-12-12 20:00:00,13.0,14.720075282621224,15.49031,12.34
2025-12-12 21:00:00,23.0,14.783250529714726,14.789871,17.67
2025-12-12 22:00:00,13.0,19.39566708670022,21.5049,15.34
2025-12-12 23:00:00,16.0,16.299842649394723,14.502236,15.68
2025-12-13 00:00:00,14.0,15.165366123674843,16.283089,14.84
2025-12-13 01:00:00,21.0,15.315115365120278,14.893563,17.92
2025-12-13 02:00:00,17.0,19.011488334814256,20.111002,17.46
2025-12-13 03:00:00,16.23076923076923,18.86648282078407,18.22666,
2025-12-13 04:00:00,15.461538461538462,17.417875878586266,15.605296,
2025-12-13 05:00:00,14.692307692307692,16.922485918201772,15.543362,
2025-12-13 15:00:00,7.0,14.33336450999239,14.114053,
2025-12-13 16:00:00,7.458333333333333,9.430953055714824,9.256847,
2025-12-13 17:00:00,7.916666666666667,9.166805944853293,8.907199,
2025-12-13 18:00:00,8.375,10.270105756600888,9.485653,
2025-12-14 15:00:00,18.0,9.101974056633136,9.021878,
2025-12-14 16:00:00,16.0,14.278087642040663,13.658688,
2025-12-14 17:00:00,14.0,13.183340313515616,12.84821,
2025-12-14 18:00:00,16.0,15.740963446890106,14.549022,
2025-12-14 19:00:00,15.0,17.04661093708699,16.233414,
2025-12-14 20:00:00,13.0,16.62687317656392,15.753393,
2025-12-14 21:00:00,20.0,14.206879553031992,13.834271,
2025-12-14 22:00:00,22.0,17.763982417316253,17.820177,
2025-12-14 23:00:00,21.0,20.797244979424022,20.488052,
2025-12-15 00:00:00,31.0,19.62044055325714,20.182127,25.64
2025-12-15 01:00:00,35.0,26.107709063632086,26.72313,30.32
2025-12-15 02:00:00,37.0,30.529898416211978,29.894913,33.66
2025-12-15 03:00:00,20.0,33.701679685357895,32.776127,26.83
2025-12-15 04:00:00,15.0,22.92738907483783,19.985216,20.92
2025-12-15 05:00:00,17.0,18.840820818118818,16.293814,18.96
2025-12-15 06:00:00,26.0,18.87406786869479,19.705002,22.48
2025-12-15 07:00:00,64.0,25.975150002272095,30.328493,43.25
2025-12-15 08:00:00,37.0,43.099524089950584,47.98206,40.13
2025-12-15 09:00:00,32.0,37.91264699840055,37.229908,31.71
2025-12-15 10:00:00,46.0,31.432429522929837,25.549067,39.06
2025-12-15 11:00:00,41.0,35.93049138490242,35.293327,40.26
2025-12-15 12:00:00,24.0,32.78598327352545,33.24674,25.32
2025-12-15 13:00:00,22.0,22.205392078613098,22.334448,23.66
2025-12-15 14:00:00,32.0,22.427116767362435,26.103203,27.83
2025-12-15 15:00:00,36.0,31.449877911066146,32.60249,31.92
2025-12-15 16:00:00,34.0,30.007509781324273,30.147665,32.96
2025-12-15 17:00:00,24.0,29.559836542754592,29.047874,28.48
2025-12-15 18:00:00,27.0,22.069647590254537,21.38751,27.74
2025-12-15 19:00:00,20.0,26.464615483172874,25.589384,23.86
2025-12-15 20:00:00,19.0,21.96091454763346,20.497873,21.43
2025-12-15 21:00:00,24.0,21.699077423918755,19.433401,22.79
2025-12-15 22:00:00,23.0,24.340626260461384,22.334957,22.89
2025-12-15 23:00:00,25.0,23.788503279410477,22.79874,23.89
2025-12-16 00:00:00,35.0,24.22494944145567,24.63171,29.14
2025-12-16 01:00:00,39.0,29.864884949253657,29.614386,34.23
2025-12-16 02:00:00,28.0,36.33850835322008,35.773937,31.12
2025-12-16 03:00:00,36.0,28.832157932063485,27.12403,33.56
2025-12-16 04:00:00,30.0,33.48707449507868,35.64665,31.78
2025-12-16 05:00:00,26.0,29.934154526370964,29.150229,28.89
2025-12-16 06:00:00,34.0,28.501760032641158,28.216568,31.45
2025-12-16 07:00:00,29.0,34.54886813584871,37.2692,30.22
2025-12-16 08:00:00,33.0,32.87502767670851,33.12614,31.45
2025-12-16 09:00:00,30.0,37.21933864180268,36.517517,30.86
2025-12-16 10:00:00,32.0,29.517096692752006,27.265478,31.3
2025-12-16 11:00:00,25.0,30.056833454550446,26.75809,29.04
2025-12-16 12:00:00,21.0,24.90236740565569,24.631393,25.0
2025-12-16 13:00:00,43.0,20.625240571462857,21.784143,33.8
2025-12-16 14:00:00,43.0,34.64253995309188,40.917736,38.4
2025-12-16 15:00:00,44.0,37.60875073663551,40.077675,41.2
2025-12-16 16:00:00,32.0,39.440038655717125,38.75172,36.6
2025-12-16 17:00:00,23.0,31.102654623914255,30.839985,29.8
2025-12-16 18:00:00,27.0,24.716264417972628,22.62016,28.4
2025-12-16 19:00:00,20.0,26.57594768963634,25.905832,24.2
2025-12-16 20:00:00,30.0,21.502093284376304,21.336296,27.1
2025-12-16 21:00:00,22.0,27.55019567871649,28.812042,24.55
2025-12-16 22:00:00,26.0,23.610018119614512,21.118464,25.27
2025-12-16 23:00:00,15.0,26.16528171805092,26.95243,20.14
2025-12-17 00:00:00,12.0,18.09917412274377,19.035276,16.07
2025-12-17 01:00:00,16.0,14.599238572822934,14.608887,16.03
2025-12-17 02:00:00,20.0,16.29493588733881,18.398647,18.01
2025-12-17 03:00:00,37.0,19.33610498170384,17.939396,27.51
2025-12-17 04:00:00,23.0,29.641227435377644,28.782822,25.25
2025-12-17 05:00:00,23.0,24.077943849032618,23.06192,24.13
2025-12-17 06:00:00,38.0,24.251855519342904,25.620195,31.06
2025-12-17 07:00:00,50.0,36.180228440233094,41.19232,40.54
2025-12-17 08:00:00,24.0,45.10112931956215,52.168148,32.27
2025-12-17 09:00:00,35.0,28.367046838965592,26.543718,33.64
2025-12-17 10:00:00,39.0,33.80565785630352,33.355766,36.32
2025-12-17 11:00:00,26.0,32.730546528555614,30.682817,31.16
2025-12-17 12:00:00,29.0,25.228531564758896,24.091755,30.08
2025-12-17 13:00:00,33.0,29.599695969282607,32.18305,31.54
2025-12-17 14:00:00,36.0,31.10073516931585,34.458508,33.77
2025-12-17 15:00:00,22.0,34.11589199410388,36.246872,27.88
2025-12-17 16:00:00,24.0,23.98413917228224,23.136429,25.94
2025-12-17 17:00:00,26.0,23.22801007212397,26.942684,25.97
2025-12-17 18:00:00,22.0,25.450551778980333,24.599295,23.98
2025-12-17 19:00:00,13.0,21.96321771871886,21.62237,18.49
2025-12-17 20:00:00,26.0,17.3181507538718,16.01012,22.24
2025-12-17 21:00:00,23.0,24.876234182865357,26.115953,22.62
2025-12-17 22:00:00,40.0,23.053965378711553,21.613638,31.31
2025-12-17 23:00:00,27.0,33.559649517316494,37.096844,29.16
2025-12-18 00:00:00,25.0,26.61171361961316,25.29658,27.08
2025-12-18 01:00:00,34.0,24.11741330537334,26.007963,30.54
2025-12-18 02:00:00,38.0,28.46541735458094,28.097485,34.27
2025-12-18 03:00:00,26.0,35.04020657091898,32.99183,30.14
2025-12-18 04:00:00,17.0,27.04923037727704,25.329447,23.57
2025-12-18 05:00:00,22.0,20.378387730792497,18.376442,22.78
2025-12-18 06:00:00,30.0,23.719237339228112,22.945475,26.39
2025-12-18 07:00:00,26.0,31.614589756414382,35.496796,26.2
2025-12-18 08:00:00,28.0,27.948824062289752,28.928394,27.1
2025-12-18 09:00:00,29.0,29.852088142683733,31.79093,28.05
2025-12-18 10:00:00,21.0,26.194754535627176,25.831257,24.52
2025-12-18 11:00:00,16.0,19.661123777759286,20.778921,20.26
2025-12-18 12:00:00,15.0,18.076634561117235,18.634172,17.63
2025-12-18 13:00:00,42.0,15.312511714128858,21.721256,29.82
2025-12-18 14:00:00,38.0,34.06774332142542,38.18814,33.91
2025-12-18 15:00:00,33.0,33.34408536007514,36.205273,33.45
2025-12-18 16:00:00,28.0,30.502911239966036,32.980804,30.73
2025-12-18 17:00:00,29.0,26.179871082712385,24.557547,29.87
2025-12-18 18:00:00,25.0,26.741697585170975,24.302666,27.43
2025-12-18 19:00:00,36.0,25.56629420121741,23.690258,31.72
2025-12-18 20:00:00,29.0,32.98467131273779,34.492702,30.36
2025-12-18 21:00:00,14.0,28.70213321631122,29.416622,22.18
2025-12-18 22:00:00,16.0,21.112652243950425,19.347984,19.09
2025-12-18 23:00:00,17.0,18.90505478129123,18.560968,18.04
2025-12-19 00:00:00,22.0,17.564109292930258,17.491707,20.02
2025-12-19 01:00:00,24.0,20.398981156553297,19.521042,22.01
2025-12-19 02:00:00,21.0,22.275372978215422,21.91089,21.5
2025-12-19 03:00:00,16.0,19.816626991408505,19.355051,18.75
2025-12-19 04:00:00,14.0,16.58469064591071,14.657879,16.37
2025-12-19 05:00:00,16.0,15.898979881000743,14.618472,16.18
2025-12-19 06:00:00,23.0,18.500022525326425,18.856586,19.59
2025-12-19 07:00:00,49.0,22.729342286354278,25.443182,34.3
2025-12-19 08:00:00,39.0,37.69226105383634,44.44773,36.65
2025-12-19 09:00:00,33.0,39.75029116601412,41.652138,34.83
2025-12-19 10:00:00,36.0,31.519486654351393,30.26597,35.42
2025-12-19 11:00:00,18.0,30.877325613731045,31.454067,26.71
2025-12-19 12:00:00,16.0,21.088516315201538,19.769531,21.68
2025-12-19 13:00:00,9.0,22.069821793955885,23.226725,15.34
2025-12-19 14:00:00,23.0,13.643764070639447,13.010289,19.17
2025-12-19 15:00:00,16.0,19.798802925191673,21.680895,17.58
2025-12-19 16:00:00,11.0,17.721599015743724,17.474854,14.29
2025-12-19 17:00:00,18.0,13.86068658677597,13.033337,16.15
2025-12-19 18:00:00,11.0,17.50587571165433,18.381332,13.57
2025-12-19 19:00:00,17.0,14.112904938119069,13.257576,15.28
2025-12-19 20:00:00,20.0,17.991784985876883,17.972237,17.64
2025-12-19 21:00:00,15.0,18.599608953095274,19.79278,16.32
2025-12-19 22:00:00,17.0,15.711530309068811,15.172243,16.66
2025-12-19 23:00:00,26.0,16.818908924338412,15.751882,21.33
2025-12-20 00:00:00,29.0,21.189743811935465,19.415129,25.17
2025-12-20 01:00:00,31.0,25.271522726186426,22.775482,28.09
2025-12-20 02:00:00,23.0,27.652737933383648,28.232164,25.54
2025-12-20 03:00:00,19.0,22.53698693967048,20.889906,22.27
2025-12-20 04:00:00,21.0,18.92577736978907,16.24633,21.64
2025-12-20 05:00:00,16.0,21.71484317512179,20.55821,18.82
2025-12-20 06:00:00,22.0,18.990156132221404,18.042467,20.41
2025-12-20 07:00:00,24.0,23.44367628081061,26.625624,22.21
2025-12-20 08:00:00,20.0,25.281077157010227,25.810553,21.1
2025-12-20 09:00:00,21.0,22.30085255653801,22.584982,21.06
2025-12-20 10:00:00,15.0,21.492898588686916,20.34333,18.03
2025-12-20 11:00:00,16.0,15.414562059439056,13.836702,17.01
2025-12-20 12:00:00,30.0,15.339343779045462,17.728947,23.51
2025-12-20 13:00:00,30.0,24.788239801416267,27.06142,26.75
2025-12-20 14:00:00,23.0,24.784860737203232,24.90381,24.88
2025-12-20 15:00:00,19.0,21.72770206277041,20.742659,21.94
2025-12-20 16:00:00,7.0,18.291010495731076,16.466303,14.47
2025-12-20 17:00:00,12.0,11.771239817367261,8.920133,13.23
2025-12-20 18:00:00,13.0,14.135989999952068,13.453559,13.12
2025-12-20 19:00:00,20.0,14.88185016629481,15.0984,16.56
2025-12-20 20:00:00,27.0,18.727526737884403,19.029871,21.78
2025-12-20 21:00:00,24.0,25.234378971940014,25.805813,22.89
2025-12-20 22:00:00,17.0,22.046957607741753,21.789417,19.95
2025-12-20 23:00:00,32.0,18.603381860660566,17.333904,25.97
2025-12-21 00:00:00,20.0,27.173600782532166,28.448378,22.99
2025-12-21 01:00:00,17.0,21.23665274920478,21.335123,19.99
2025-12-21 02:00:00,18.0,19.370980508630236,17.920662,19.0
2025-12-21 03:00:00,15.0,18.83678809929555,17.549438,17.0
2025-12-21 04:00:00,12.0,15.865232922471439,13.962562,14.5
2025-12-21 05:00:00,14.0,14.44703584826086,12.993562,14.25
2025-12-21 06:00:00,10.0,15.247823860696503,14.956777,12.12
2025-12-21 07:00:00,10.0,13.135171750989725,14.207871,11.06
2025-12-21 08:00:00,16.0,12.607823318307139,14.434959,13.53
2025-12-21 09:00:00,17.0,15.704825471979483,17.607933,15.26
2025-12-21 10:00:00,16.0,14.65526663288887,14.677528,15.63
2025-12-21 11:00:00,21.0,14.588270498106086,13.102129,18.31
2025-12-21 12:00:00,14.0,19.548148576752457,20.238848,16.16
2025-12-21 13:00:00,15.0,15.34948306503597,15.232738,15.58
2025-12-21 14:00:00,13.0,14.235825667932708,14.922249,14.29
2025-12-21 15:00:00,14.0,14.05759706874266,14.063625,14.14
2025-12-21 16:00:00,11.0,14.341464566590545,15.336607,12.57
2025-12-21 17:00:00,6.0,12.438431334999308,12.366271,9.28
2025-12-21 18:00:00,5.0,8.976461898258522,7.8405285,7.14
2025-12-21 19:00:00,13.0,7.65916126262545,7.315777,10.07
2025-12-21 20:00:00,21.0,14.264168112945374,14.9764595,15.54
2025-12-21 21:00:00,20.0,19.33069094881055,20.120434,17.77
2025-12-21 22:00:00,12.0,19.159052851027422,19.722855,14.88
2025-12-21 23:00:00,19.0,15.443392847020476,13.859745,16.94
2025-12-22 00:00:00,28.0,16.685984658043132,17.648525,22.47
2025-12-22 01:00:00,20.0,22.2671646742467,23.870508,21.24
2025-12-22 02:00:00,17.0,20.468515312510792,21.471743,19.12
2025-12-22 03:00:00,12.0,18.292129208673327,17.681313,15.56
2025-12-22 04:00:00,13.0,14.563245675759577,13.3043995,14.28
2025-12-22 05:00:00,15.0,14.833929640395569,13.186294,14.64
2025-12-22 06:00:00,23.0,16.463585979088815,17.95475,18.82
2025-12-22 07:00:00,26.0,21.755717283985152,23.408484,22.41
2025-12-22 08:00:00,18.0,26.351512090340716,28.555656,20.21
2025-12-22 09:00:00,24.0,18.128804157939346,21.02124,22.1
2025-12-22 10:00:00,16.0,22.67414166211987,24.098272,19.05
2025-12-22 11:00:00,19.0,16.190323266815515,16.016207,19.03
2025-12-22 12:00:00,32.0,20.170393234986328,25.06541,25.51
2025-12-22 13:00:00,35.0,27.93017088786731,32.660366,30.26
2025-12-22 14:00:00,29.0,29.00642344832296,28.695887,29.63
2025-12-22 15:00:00,28.0,24.72356270621917,25.06785,28.82
2025-12-22 16:00:00,19.0,24.854608375187205,25.835497,23.91
2025-12-22 17:00:00,24.0,19.458834454504423,17.475939,23.96
2025-12-22 18:00:00,25.0,21.85612125818573,21.628977,24.48
2025-12-22 19:00:00,33.0,24.411377668331223,24.144901,28.74
2025-12-22 20:00:00,23.0,30.208526166162585,30.456486,25.87
2025-12-22 21:00:00,21.0,24.24223845463872,25.429363,23.43
2025-12-22 22:00:00,22.0,21.56512807755696,20.482693,22.91
2025-12-22 23:00:00,31.0,22.84287502927957,21.898176,26.61
2025-12-23 00:00:00,22.0,26.46204597147957,26.040674,24.5
2025-12-23 01:00:00,23.0,23.102878693377217,21.043755,23.89
2025-12-23 02:00:00,18.0,20.7219967825232,20.705118,21.17
2025-12-23 03:00:00,15.0,18.794924500642512,16.750387,17.93
2025-12-23 04:00:00,18.0,16.61386920081415,15.319045,17.96
2025-12-23 05:00:00,18.0,18.024915184208144,17.708817,17.98
2025-12-23 06:00:00,17.0,19.62283429493421,19.76718,17.49
2025-12-23 07:00:00,22.0,20.32376793360808,20.966326,19.74
2025-12-23 08:00:00,33.0,22.72895637357982,25.177118,26.37
2025-12-23 09:00:00,30.0,29.229115588194293,31.380455,28.19
2025-12-23 10:00:00,25.0,25.974299656554983,26.911392,26.59
2025-12-23 11:00:00,14.0,23.158112981353273,24.062565,20.29
2025-12-23 12:00:00,14.0,17.796859167585385,16.265074,17.15
2025-12-23 13:00:00,23.0,15.735116196389534,21.187834,20.07
2025-12-23 14:00:00,24.0,22.550627242975494,25.96493,22.04
2025-12-23 15:00:00,23.0,23.565670364951796,23.371037,22.52
2025-12-23 16:00:00,17.0,21.20340792750933,21.903091,19.76
2025-12-23 17:00:00,29.0,16.893033075684738,16.650406,24.38
2025-12-23 18:00:00,18.0,25.869016478509895,25.22981,21.19
2025-12-23 19:00:00,22.0,18.715112205633147,18.612993,21.6
2025-12-23 20:00:00,30.0,23.1119488691618,22.898859,25.8
2025-12-23 21:00:00,23.0,28.71597935332368,27.759005,24.4
2025-12-23 22:00:00,24.0,24.667091526929518,22.478024,24.2
2025-12-23 23:00:00,15.0,25.006904575226343,23.44792,19.6
2025-12-24 00:00:00,8.0,16.537480113907492,16.756145,13.8
2025-12-24 01:00:00,7.0,11.591331439232091,11.924135,10.4
2025-12-24 02:00:00,11.0,8.686032968272952,7.4467025,10.7
2025-12-24 03:00:00,21.0,11.590627292301892,10.901867,15.85
2025-12-24 04:00:00,22.0,17.131055796473483,15.352873,18.92
2025-12-24 05:00:00,20.0,19.43230612968684,18.028389,19.46
2025-12-24 06:00:00,12.0,19.556954637825925,20.555676,15.73
2025-12-24 07:00:00,13.0,14.872456139467246,15.587223,14.36
2025-12-24 08:00:00,18.0,16.561778422649375,17.188175,16.18
2025-12-24 09:00:00,28.0,19.341382110681657,22.21863,22.09
2025-12-24 10:00:00,29.0,24.222323704069613,28.04016,25.55
2025-12-24 11:00:00,21.0,24.32845513250147,25.319654,23.27
2025-12-24 12:00:00,20.0,19.04115789088143,17.82524,21.64
2025-12-24 13:00:00,26.0,19.202592264783316,18.526873,23.82
2025-12-24 14:00:00,16.0,24.5811000991058,24.456707,19.91
2025-12-24 15:00:00,10.0,17.04808284444171,16.032026,14.95
2025-12-24 16:00:00,10.0,11.684585103160568,12.0157795,12.48
2025-12-24 17:00:00,7.0,11.433780081355199,11.048766,9.74
2025-12-24 18:00:00,6.0,8.47590170714983,8.361262,7.87
2025-12-24 19:00:00,14.0,9.305239314982465,7.7262964,10.93
2025-12-24 20:00:00,11.0,15.241962651277515,15.551388,10.97
2025-12-24 21:00:00,20.0,13.323202186165803,13.479357,15.48
2025-12-24 22:00:00,24.0,18.80594097204255,17.96931,19.74
2025-12-24 23:00:00,21.0,20.782233361180708,19.521969,20.37
2025-12-25 00:00:00,29.0,18.822849211819,19.059252,24.69
2025-12-25 02:00:00,21.0,25.269666586438206,24.502432,38.93
2025-12-25 03:00:00,8.0,21.040406320076652,17.916672,23.46
2025-12-25 04:00:00,16.0,13.504680127013799,10.080376,19.73
2025-12-25 05:00:00,15.0,15.314383049233632,16.112364,17.37
2025-12-25 06:00:00,27.0,16.03055866985811,16.514656,22.19
2025-12-25 07:00:00,29.0,25.01066771853118,30.749372,25.59
2025-12-25 08:00:00,27.0,28.703353370069948,31.826235,26.3
2025-12-25 09:00:00,16.0,26.87999371373577,28.714283,21.15
2025-12-25 10:00:00,14.0,17.76959966983117,17.772816,17.57
2025-12-25 11:00:00,14.0,14.592158587361418,13.59215,15.79
2025-12-25 12:00:00,10.0,14.731259173019303,15.451292,12.89
2025-12-25 13:00:00,11.0,11.454054929648537,12.184617,11.94
2025-12-25 14:00:00,13.0,12.614195890161948,13.300513,12.47
2025-12-25 15:00:00,16.0,12.273652753679071,12.403997,14.23
2025-12-25 16:00:00,16.0,13.727697924383744,13.166324,15.12
2025-12-25 17:00:00,17.0,14.197261422032975,13.437014,16.06
2025-12-25 18:00:00,15.0,14.945674460103204,14.982019,15.53
2025-12-25 19:00:00,11.0,15.062537570213943,14.885224,11.63
2025-12-25 20:00:00,12.0,13.618498342975112,12.698193,
2025-12-25 21:00:00,20.0,13.450651177883099,13.193992,16.88
2025-12-25 22:00:00,9.0,17.813468557299625,17.842653,12.94
2025-12-25 23:00:00,10.0,12.499180526830536,9.800829,11.47
2025-12-26 00:00:00,7.0,11.712492150874228,10.836185,9.23
2025-12-26 01:00:00,10.0,9.020504450533606,8.276345,9.62
2025-12-26 02:00:00,9.0,11.014516429335034,10.622569,9.31
2025-12-26 03:00:00,9.0,9.89289503122546,8.78465,9.15
2025-12-26 04:00:00,16.0,10.27056973606144,9.612045,12.58
2025-12-26 05:00:00,15.0,13.43512803510177,12.296549,13.79
2025-12-26 06:00:00,22.0,16.825038674090923,16.1962,17.9
2025-12-26 07:00:00,23.0,21.711085247151566,24.052612,20.45
2025-12-26 08:00:00,32.0,24.352473855043254,28.117924,26.23
2025-12-26 09:00:00,22.0,30.25959566757304,33.242203,24.11
2025-12-26 10:00:00,19.0,21.451053973501583,22.298,21.56
2025-12-26 11:00:00,20.0,19.719712787784868,17.873396,20.78
2025-12-26 12:00:00,21.0,20.909175468223925,21.672613,20.89
2025-12-26 13:00:00,18.0,21.232339164383742,21.982973,19.45
2025-12-26 14:00:00,12.0,20.223655478196246,22.634506,15.72
2025-12-26 15:00:00,13.0,12.158205320538787,12.620105,14.36
2025-12-26 16:00:00,13.0,13.314555695161587,13.005886,13.68
2025-12-26 17:00:00,14.0,13.530160477894244,12.91597,13.84
2025-12-26 18:00:00,15.0,14.208045332027218,13.787917,14.42
2025-12-26 19:00:00,19.0,15.318322906415196,15.064192,16.71
2025-12-26 20:00:00,20.0,16.664861985000012,17.86104,18.09
2025-12-26 21:00:00,18.0,19.756814023810076,19.190823,17.96
2025-12-26 22:00:00,20.0,16.77011527341716,16.591656,18.84
2025-12-26 23:00:00,21.0,19.143091401048665,21.124231,19.76
2025-12-27 00:00:00,33.0,19.450143388239486,19.951216,26.52
2025-12-27 01:00:00,18.0,26.840594318597994,27.438927,22.26
2025-12-27 02:00:00,16.0,19.091769814536907,18.411255,19.13
2025-12-27 03:00:00,26.0,18.26541804058582,16.036621,22.57
2025-12-27 04:00:00,22.0,21.65989464784877,22.264917,22.28
2025-12-27 05:00:00,28.0,21.152377443076364,19.789604,25.14
2025-12-27 06:00:00,33.0,29.717857022725365,32.688103,29.07
2025-12-27 07:00:00,46.0,33.966491122512565,34.792503,37.54
2025-12-27 08:00:00,18.0,42.30750876641491,46.7711,27.77
2025-12-27 09:00:00,6.0,23.834386642076847,22.517422,16.88
2025-12-27 10:00:00,10.0,15.562247016213693,6.6480827,13.44
2025-12-27 11:00:00,8.0,12.941301143374021,11.882542,10.72
2025-12-27 12:00:00,7.0,10.538091213659307,9.656699,8.86
2025-12-27 13:00:00,5.0,10.050125630535767,10.604733,6.93
2025-12-27 14:00:00,5.0,6.757682720289161,7.1306925,5.96
2025-12-27 15:00:00,19.0,6.491223488165361,6.436235,12.48
2025-12-27 16:00:00,19.0,14.107104059047478,13.983626,15.74
2025-12-27 17:00:00,19.0,14.113553983112187,16.256033,17.37
2025-12-27 18:00:00,19.0,16.70658906515821,16.495491,18.18
2025-12-27 19:00:00,16.0,17.4578316011604,17.657518,17.09
2025-12-27 20:00:00,18.0,16.389150922283658,16.881771,17.54
2025-12-27 21:00:00,22.0,18.79808173277255,18.70728,19.77
2025-12-27 22:00:00,23.0,22.028914723194106,21.952291,21.39
2025-12-27 23:00:00,21.0,22.995435673349224,24.340199,21.2
2025-12-28 00:00:00,22.0,21.3062792803175,22.517136,21.6
2025-12-28 01:00:00,16.0,21.20504386982374,22.539932,18.8
2025-12-28 02:00:00,21.0,16.61626779355523,16.390686,19.96
2025-12-28 04:00:00,19.0,21.201702319436077,20.541557,40.98
2025-12-28 05:00:00,23.0,20.224056090111926,18.629452,31.99
2025-12-28 06:00:00,21.0,26.14156949721289,27.277985,26.5
2025-12-28 07:00:00,22.0,24.447142924845032,26.458988,24.25
2025-12-28 08:00:00,16.0,27.03633482898385,31.356123,20.12
2025-12-28 09:00:00,11.0,17.859208310978726,21.171371,15.56
2025-12-28 10:00:00,5.0,11.719971355587678,14.357366,10.28
2025-12-28 11:00:00,8.0,7.396736420851994,5.4647393,9.14
2025-12-28 12:00:00,6.0,8.331533100697415,6.8658004,7.57
2025-12-28 13:00:00,4.0,6.512997389842115,5.290008,5.78
2025-12-28 14:00:00,5.0,5.785522411446981,5.5545526,5.39
2025-12-28 15:00:00,4.0,6.678970677002346,7.2014747,4.68
2025-12-28 16:00:00,6.0,6.416842123569464,5.6895103,5.34
2025-12-28 17:00:00,20.0,8.181551199437525,7.8389115,12.67
2025-12-28 18:00:00,12.0,15.349333770199662,19.263035,12.33
2025-12-28 19:00:00,16.0,13.326115837025984,14.085389,14.17
2025-12-28 20:00:00,12.0,16.614686960461697,16.432735,13.08
2025-12-28 21:00:00,18.0,14.325656003636519,14.74471,15.54
2025-12-28 22:00:00,15.0,17.817873930270917,16.929169,15.27
2025-12-28 23:00:00,10.0,16.670330551313732,15.838169,12.64
2025-12-29 00:00:00,25.0,12.012071319764212,12.738863,18.82
2025-12-29 01:00:00,18.0,20.449573142083107,21.32451,18.41
2025-12-29 02:00:00,10.0,17.01737679707532,17.015995,10.35
2025-12-29 03:00:00,14.0,12.600728111618446,11.212158,12.22
2025-12-29 04:00:00,16.0,14.819894281088104,13.825149,14.58
2025-12-29 05:00:00,23.0,15.728239034650972,14.71417,18.8
2025-12-29 06:00:00,20.0,23.14604407771846,24.315392,19.8
2025-12-29 07:00:00,17.0,21.095568636766217,23.436666,18.9
2025-12-29 08:00:00,26.0,18.58549489180179,20.189487,22.53
2025-12-29 09:00:00,31.0,25.679283106494687,28.056675,27.21
2025-12-29 10:00:00,33.0,25.316082065156092,22.847506,30.44
2025-12-29 11:00:00,25.0,26.239807556009023,24.891277,28.01
2025-12-29 12:00:00,33.0,21.72964155531509,22.145248,30.52
2025-12-29 13:00:00,24.0,26.607044027176006,25.849678,27.29
2025-12-29 14:00:00,21.0,20.831880850744447,18.48412,24.49
2025-12-29 15:00:00,16.0,19.58095719989991,19.006088,20.3
2025-12-29 16:00:00,11.0,15.659643731436903,15.30799,16.0
2025-12-29 17:00:00,9.0,13.716458989739767,13.01692,12.68
2025-12-29 18:00:00,7.0,10.638505050848709,10.370791,9.98
2025-12-29 19:00:00,5.0,8.555918828054171,8.768637,7.51
2025-12-29 20:00:00,3.0,7.321427844726526,7.5245814,5.65
2025-12-29 21:00:00,7.0,6.418225436889185,5.9024463,6.58
2025-12-29 22:00:00,7.0,8.990109850750704,8.58756,7.23
2025-12-29 23:00:00,6.0,8.808913559696729,8.482218,7.03
2025-12-30 00:00:00,8.0,7.106647386614206,6.6002655,7.95
2025-12-30 01:00:00,10.0,8.854807810769392,8.733054,9.25
2025-12-30 02:00:00,14.0,10.163298923510249,10.558587,11.64
2025-12-30 03:00:00,10.0,13.166769220261761,12.137405,10.94
2025-12-30 04:00:00,8.0,11.912830317359406,10.448907,9.86
2025-12-30 05:00:00,7.0,10.218365029791702,8.892438,8.62
2025-12-30 06:00:00,14.0,9.380101920305902,9.194345,11.58
2025-12-30 07:00:00,18.0,15.041401219794784,17.496113,14.83
2025-12-30 08:00:00,19.0,19.576987229892158,19.978977,17.1
2025-12-30 09:00:00,17.0,20.267198830626842,20.53685,17.39
2025-12-30 10:00:00,19.0,16.569257302320885,16.341824,18.62
2025-12-30 11:00:00,15.0,16.252182929499035,15.894631,17.3
2025-12-30 12:00:00,21.0,13.043795594416405,12.259094,19.49
2025-12-30 13:00:00,16.0,17.22898783226203,19.539753,17.91
2025-12-30 14:00:00,11.0,14.574698593966547,13.285521,14.88
2025-12-30 15:00:00,8.0,12.013189567739275,12.105813,11.67
2025-12-30 16:00:00,6.0,9.321109339401112,9.064432,9.32
2025-12-30 17:00:00,5.0,7.517401202485379,7.4117618,7.37
2025-12-30 18:00:00,5.0,6.699101074094123,7.080277,6.2
2025-12-30 19:00:00,3.0,7.434634790991573,6.7996516,4.94
2025-12-30 20:00:00,2.0,5.090964375004346,5.00597,3.86
2025-12-30 21:00:00,2.0,4.347298689681528,4.7426305,3.01
2025-12-30 22:00:00,1.0,3.7664175911401307,3.4023404,2.37
2025-12-30 23:00:00,1.0,3.7818614721130546,2.433003,1.93
2025-12-31 00:00:00,3.0,3.5193391885074203,2.220235,2.49
